Era,Feature,Base,Lag,r,p,sig,n,target
Full,finbert_max,finbert_max,0,0.4544,0.0006,***,53,MRO_diff
Full,finbert_IS_max,finbert_IS_max,0,0.465,0.0005,***,53,MRO_diff
Full,roberta_IS_max,roberta_IS_max,0,0.4092,0.0023,**,53,MRO_diff
Full,finbert_MP_mean,finbert_MP_mean,0,0.3367,0.0137,*,53,MRO_diff
Full,roberta_IS_EP_max,roberta_IS_EP_max,0,0.4559,0.0006,***,53,MRO_diff
Full,finbert_QA_MP_mean,finbert_QA_MP_mean,0,0.2723,0.0485,*,53,MRO_diff
Full,finbert_max:lag1,finbert_max,1,0.4168,0.0019,**,53,MRO_diff
Full,finbert_max:lag2,finbert_max,2,0.5753,0.0,***,53,MRO_diff
Full,finbert_max:lag3,finbert_max,3,0.4082,0.0024,**,53,MRO_diff
Full,finbert_max:lag4,finbert_max,4,0.4292,0.0013,**,53,MRO_diff
Full,finbert_max:lag5,finbert_max,5,0.4851,0.0003,***,52,MRO_diff
Full,finbert_max:lag6,finbert_max,6,0.1544,0.2746,,52,MRO_diff
Full,finbert_max:lag7,finbert_max,7,0.3183,0.0215,*,52,MRO_diff
Full,finbert_max:lag8,finbert_max,8,0.3846,0.0049,**,52,MRO_diff
Full,finbert_max:lag9,finbert_max,9,-0.0441,0.7564,,52,MRO_diff
Full,finbert_max:lag10,finbert_max,10,0.076,0.5923,,52,MRO_diff
Full,finbert_max:lag11,finbert_max,11,-0.0409,0.7755,,51,MRO_diff
Full,finbert_max:lag12,finbert_max,12,-0.1111,0.4377,,51,MRO_diff
Full,finbert_max:lag13,finbert_max,13,-0.0861,0.5479,,51,MRO_diff
Full,finbert_max:lag14,finbert_max,14,-0.1763,0.2206,,50,MRO_diff
Full,finbert_max:lag15,finbert_max,15,0.0347,0.8131,,49,MRO_diff
Full,finbert_IS_max:lag1,finbert_IS_max,1,0.4392,0.001,**,53,MRO_diff
Full,finbert_IS_max:lag2,finbert_IS_max,2,0.6128,0.0,***,53,MRO_diff
Full,finbert_IS_max:lag3,finbert_IS_max,3,0.4501,0.0007,***,53,MRO_diff
Full,finbert_IS_max:lag4,finbert_IS_max,4,0.472,0.0004,***,53,MRO_diff
Full,finbert_IS_max:lag5,finbert_IS_max,5,0.4953,0.0002,***,52,MRO_diff
Full,finbert_IS_max:lag6,finbert_IS_max,6,0.2349,0.0937,,52,MRO_diff
Full,finbert_IS_max:lag7,finbert_IS_max,7,0.422,0.0018,**,52,MRO_diff
Full,finbert_IS_max:lag8,finbert_IS_max,8,0.1821,0.1962,,52,MRO_diff
Full,finbert_IS_max:lag9,finbert_IS_max,9,-0.0265,0.8519,,52,MRO_diff
Full,finbert_IS_max:lag10,finbert_IS_max,10,-0.0005,0.9971,,52,MRO_diff
Full,finbert_IS_max:lag11,finbert_IS_max,11,-0.187,0.1888,,51,MRO_diff
Full,finbert_IS_max:lag12,finbert_IS_max,12,-0.1868,0.1893,,51,MRO_diff
Full,finbert_IS_max:lag13,finbert_IS_max,13,-0.1408,0.3243,,51,MRO_diff
Full,finbert_IS_max:lag14,finbert_IS_max,14,-0.2103,0.1427,,50,MRO_diff
Full,finbert_IS_max:lag15,finbert_IS_max,15,-0.0332,0.8207,,49,MRO_diff
Full,roberta_IS_max:lag1,roberta_IS_max,1,0.3508,0.01,*,53,MRO_diff
Full,roberta_IS_max:lag2,roberta_IS_max,2,0.5653,0.0,***,53,MRO_diff
Full,roberta_IS_max:lag3,roberta_IS_max,3,0.5339,0.0,***,53,MRO_diff
Full,roberta_IS_max:lag4,roberta_IS_max,4,0.4171,0.0019,**,53,MRO_diff
Full,roberta_IS_max:lag5,roberta_IS_max,5,0.5344,0.0,***,52,MRO_diff
Full,roberta_IS_max:lag6,roberta_IS_max,6,0.2682,0.0545,,52,MRO_diff
Full,roberta_IS_max:lag7,roberta_IS_max,7,0.3676,0.0073,**,52,MRO_diff
Full,roberta_IS_max:lag8,roberta_IS_max,8,0.2722,0.0509,,52,MRO_diff
Full,roberta_IS_max:lag9,roberta_IS_max,9,0.3336,0.0157,*,52,MRO_diff
Full,roberta_IS_max:lag10,roberta_IS_max,10,0.0771,0.5871,,52,MRO_diff
Full,roberta_IS_max:lag11,roberta_IS_max,11,-0.051,0.7221,,51,MRO_diff
Full,roberta_IS_max:lag12,roberta_IS_max,12,-0.075,0.6011,,51,MRO_diff
Full,roberta_IS_max:lag13,roberta_IS_max,13,-0.0093,0.9486,,51,MRO_diff
Full,roberta_IS_max:lag14,roberta_IS_max,14,-0.1083,0.4542,,50,MRO_diff
Full,roberta_IS_max:lag15,roberta_IS_max,15,0.0965,0.5096,,49,MRO_diff
Full,finbert_MP_mean:lag1,finbert_MP_mean,1,0.4928,0.0002,***,53,MRO_diff
Full,finbert_MP_mean:lag2,finbert_MP_mean,2,0.4873,0.0002,***,53,MRO_diff
Full,finbert_MP_mean:lag3,finbert_MP_mean,3,0.3623,0.0077,**,53,MRO_diff
Full,finbert_MP_mean:lag4,finbert_MP_mean,4,0.5635,0.0,***,53,MRO_diff
Full,finbert_MP_mean:lag5,finbert_MP_mean,5,0.3808,0.0054,**,52,MRO_diff
Full,finbert_MP_mean:lag6,finbert_MP_mean,6,0.5304,0.0001,***,52,MRO_diff
Full,finbert_MP_mean:lag7,finbert_MP_mean,7,0.4448,0.001,***,52,MRO_diff
Full,finbert_MP_mean:lag8,finbert_MP_mean,8,0.4625,0.0006,***,52,MRO_diff
Full,finbert_MP_mean:lag9,finbert_MP_mean,9,0.3139,0.0234,*,52,MRO_diff
Full,finbert_MP_mean:lag10,finbert_MP_mean,10,0.448,0.0009,***,52,MRO_diff
Full,finbert_MP_mean:lag11,finbert_MP_mean,11,0.3277,0.0189,*,51,MRO_diff
Full,finbert_MP_mean:lag12,finbert_MP_mean,12,0.3163,0.0237,*,51,MRO_diff
Full,finbert_MP_mean:lag13,finbert_MP_mean,13,0.3625,0.0089,**,51,MRO_diff
Full,finbert_MP_mean:lag14,finbert_MP_mean,14,0.2662,0.0617,,50,MRO_diff
Full,finbert_MP_mean:lag15,finbert_MP_mean,15,0.3637,0.0102,*,49,MRO_diff
Full,roberta_IS_EP_max:lag1,roberta_IS_EP_max,1,0.3731,0.0059,**,53,MRO_diff
Full,roberta_IS_EP_max:lag2,roberta_IS_EP_max,2,0.5869,0.0,***,53,MRO_diff
Full,roberta_IS_EP_max:lag3,roberta_IS_EP_max,3,0.5326,0.0,***,53,MRO_diff
Full,roberta_IS_EP_max:lag4,roberta_IS_EP_max,4,0.4692,0.0004,***,53,MRO_diff
Full,roberta_IS_EP_max:lag5,roberta_IS_EP_max,5,0.5019,0.0001,***,52,MRO_diff
Full,roberta_IS_EP_max:lag6,roberta_IS_EP_max,6,0.2637,0.0589,,52,MRO_diff
Full,roberta_IS_EP_max:lag7,roberta_IS_EP_max,7,0.3715,0.0067,**,52,MRO_diff
Full,roberta_IS_EP_max:lag8,roberta_IS_EP_max,8,0.3045,0.0282,*,52,MRO_diff
Full,roberta_IS_EP_max:lag9,roberta_IS_EP_max,9,0.3338,0.0156,*,52,MRO_diff
Full,roberta_IS_EP_max:lag10,roberta_IS_EP_max,10,0.0841,0.5533,,52,MRO_diff
Full,roberta_IS_EP_max:lag11,roberta_IS_EP_max,11,-0.0474,0.7411,,51,MRO_diff
Full,roberta_IS_EP_max:lag12,roberta_IS_EP_max,12,-0.0655,0.6481,,51,MRO_diff
Full,roberta_IS_EP_max:lag13,roberta_IS_EP_max,13,-0.0129,0.9282,,51,MRO_diff
Full,roberta_IS_EP_max:lag14,roberta_IS_EP_max,14,-0.0509,0.7257,,50,MRO_diff
Full,roberta_IS_EP_max:lag15,roberta_IS_EP_max,15,0.0819,0.5757,,49,MRO_diff
Full,finbert_QA_MP_mean:lag1,finbert_QA_MP_mean,1,0.4137,0.0021,**,53,MRO_diff
Full,finbert_QA_MP_mean:lag2,finbert_QA_MP_mean,2,0.4297,0.0013,**,53,MRO_diff
Full,finbert_QA_MP_mean:lag3,finbert_QA_MP_mean,3,0.3336,0.0146,*,53,MRO_diff
Full,finbert_QA_MP_mean:lag4,finbert_QA_MP_mean,4,0.5644,0.0,***,53,MRO_diff
Full,finbert_QA_MP_mean:lag5,finbert_QA_MP_mean,5,0.3618,0.0084,**,52,MRO_diff
Full,finbert_QA_MP_mean:lag6,finbert_QA_MP_mean,6,0.3193,0.021,*,52,MRO_diff
Full,finbert_QA_MP_mean:lag7,finbert_QA_MP_mean,7,0.3686,0.0072,**,52,MRO_diff
Full,finbert_QA_MP_mean:lag8,finbert_QA_MP_mean,8,0.3697,0.007,**,52,MRO_diff
Full,finbert_QA_MP_mean:lag9,finbert_QA_MP_mean,9,0.0386,0.7858,,52,MRO_diff
Full,finbert_QA_MP_mean:lag10,finbert_QA_MP_mean,10,0.2198,0.1175,,52,MRO_diff
Full,finbert_QA_MP_mean:lag11,finbert_QA_MP_mean,11,0.1656,0.2504,,50,MRO_diff
Full,finbert_QA_MP_mean:lag12,finbert_QA_MP_mean,12,0.1542,0.2901,,49,MRO_diff
Full,finbert_QA_MP_mean:lag13,finbert_QA_MP_mean,13,0.1303,0.3621,,51,MRO_diff
Full,finbert_QA_MP_mean:lag14,finbert_QA_MP_mean,14,0.0921,0.5289,,49,MRO_diff
Full,finbert_QA_MP_mean:lag15,finbert_QA_MP_mean,15,0.0342,0.8194,,47,MRO_diff
Pre-ZLB,finbert_max,finbert_max,0,0.554,0.0008,***,33,MRO_diff
Pre-ZLB,finbert_IS_max,finbert_IS_max,0,0.5565,0.0008,***,33,MRO_diff
Pre-ZLB,roberta_IS_max,roberta_IS_max,0,0.7436,0.0,***,33,MRO_diff
Pre-ZLB,finbert_MP_mean,finbert_MP_mean,0,0.6198,0.0001,***,33,MRO_diff
Pre-ZLB,roberta_IS_EP_max,roberta_IS_EP_max,0,0.758,0.0,***,33,MRO_diff
Pre-ZLB,finbert_QA_MP_mean,finbert_QA_MP_mean,0,0.3091,0.0801,,33,MRO_diff
Pre-ZLB,finbert_max:lag1,finbert_max,1,0.5583,0.0007,***,33,MRO_diff
Pre-ZLB,finbert_max:lag2,finbert_max,2,0.6394,0.0001,***,33,MRO_diff
Pre-ZLB,finbert_max:lag3,finbert_max,3,0.4981,0.0032,**,33,MRO_diff
Pre-ZLB,finbert_max:lag4,finbert_max,4,0.4886,0.0039,**,33,MRO_diff
Pre-ZLB,finbert_max:lag5,finbert_max,5,0.5614,0.0008,***,32,MRO_diff
Pre-ZLB,finbert_max:lag6,finbert_max,6,0.0964,0.5996,,32,MRO_diff
Pre-ZLB,finbert_max:lag7,finbert_max,7,0.2906,0.1067,,32,MRO_diff
Pre-ZLB,finbert_max:lag8,finbert_max,8,0.3525,0.0478,*,32,MRO_diff
Pre-ZLB,finbert_max:lag9,finbert_max,9,-0.1519,0.4065,,32,MRO_diff
Pre-ZLB,finbert_max:lag10,finbert_max,10,0.1352,0.4608,,32,MRO_diff
Pre-ZLB,finbert_max:lag11,finbert_max,11,0.0172,0.927,,31,MRO_diff
Pre-ZLB,finbert_max:lag12,finbert_max,12,-0.1633,0.3801,,31,MRO_diff
Pre-ZLB,finbert_max:lag13,finbert_max,13,-0.0987,0.5972,,31,MRO_diff
Pre-ZLB,finbert_max:lag14,finbert_max,14,-0.267,0.1538,,30,MRO_diff
Pre-ZLB,finbert_max:lag15,finbert_max,15,0.0102,0.958,,29,MRO_diff
Pre-ZLB,finbert_IS_max:lag1,finbert_IS_max,1,0.5564,0.0008,***,33,MRO_diff
Pre-ZLB,finbert_IS_max:lag2,finbert_IS_max,2,0.6811,0.0,***,33,MRO_diff
Pre-ZLB,finbert_IS_max:lag3,finbert_IS_max,3,0.5326,0.0014,**,33,MRO_diff
Pre-ZLB,finbert_IS_max:lag4,finbert_IS_max,4,0.5216,0.0019,**,33,MRO_diff
Pre-ZLB,finbert_IS_max:lag5,finbert_IS_max,5,0.5614,0.0008,***,32,MRO_diff
Pre-ZLB,finbert_IS_max:lag6,finbert_IS_max,6,0.1751,0.3378,,32,MRO_diff
Pre-ZLB,finbert_IS_max:lag7,finbert_IS_max,7,0.3958,0.0249,*,32,MRO_diff
Pre-ZLB,finbert_IS_max:lag8,finbert_IS_max,8,0.0646,0.7254,,32,MRO_diff
Pre-ZLB,finbert_IS_max:lag9,finbert_IS_max,9,-0.128,0.4851,,32,MRO_diff
Pre-ZLB,finbert_IS_max:lag10,finbert_IS_max,10,0.1937,0.2882,,32,MRO_diff
Pre-ZLB,finbert_IS_max:lag11,finbert_IS_max,11,-0.0805,0.667,,31,MRO_diff
Pre-ZLB,finbert_IS_max:lag12,finbert_IS_max,12,-0.1848,0.3195,,31,MRO_diff
Pre-ZLB,finbert_IS_max:lag13,finbert_IS_max,13,-0.1048,0.5747,,31,MRO_diff
Pre-ZLB,finbert_IS_max:lag14,finbert_IS_max,14,-0.3068,0.0991,,30,MRO_diff
Pre-ZLB,finbert_IS_max:lag15,finbert_IS_max,15,-0.0026,0.9894,,29,MRO_diff
Pre-ZLB,roberta_IS_max:lag1,roberta_IS_max,1,0.6196,0.0001,***,33,MRO_diff
Pre-ZLB,roberta_IS_max:lag2,roberta_IS_max,2,0.7779,0.0,***,33,MRO_diff
Pre-ZLB,roberta_IS_max:lag3,roberta_IS_max,3,0.7003,0.0,***,33,MRO_diff
Pre-ZLB,roberta_IS_max:lag4,roberta_IS_max,4,0.5435,0.0011,**,33,MRO_diff
Pre-ZLB,roberta_IS_max:lag5,roberta_IS_max,5,0.5542,0.001,***,32,MRO_diff
Pre-ZLB,roberta_IS_max:lag6,roberta_IS_max,6,0.1538,0.4006,,32,MRO_diff
Pre-ZLB,roberta_IS_max:lag7,roberta_IS_max,7,0.3103,0.0839,,32,MRO_diff
Pre-ZLB,roberta_IS_max:lag8,roberta_IS_max,8,0.0487,0.7912,,32,MRO_diff
Pre-ZLB,roberta_IS_max:lag9,roberta_IS_max,9,0.1633,0.3719,,32,MRO_diff
Pre-ZLB,roberta_IS_max:lag10,roberta_IS_max,10,-0.0161,0.9302,,32,MRO_diff
Pre-ZLB,roberta_IS_max:lag11,roberta_IS_max,11,-0.0537,0.774,,31,MRO_diff
Pre-ZLB,roberta_IS_max:lag12,roberta_IS_max,12,-0.1512,0.4169,,31,MRO_diff
Pre-ZLB,roberta_IS_max:lag13,roberta_IS_max,13,-0.1635,0.3793,,31,MRO_diff
Pre-ZLB,roberta_IS_max:lag14,roberta_IS_max,14,-0.2594,0.1662,,30,MRO_diff
Pre-ZLB,roberta_IS_max:lag15,roberta_IS_max,15,0.0482,0.8038,,29,MRO_diff
Pre-ZLB,finbert_MP_mean:lag1,finbert_MP_mean,1,0.7143,0.0,***,33,MRO_diff
Pre-ZLB,finbert_MP_mean:lag2,finbert_MP_mean,2,0.5915,0.0003,***,33,MRO_diff
Pre-ZLB,finbert_MP_mean:lag3,finbert_MP_mean,3,0.4692,0.0059,**,33,MRO_diff
Pre-ZLB,finbert_MP_mean:lag4,finbert_MP_mean,4,0.7139,0.0,***,33,MRO_diff
Pre-ZLB,finbert_MP_mean:lag5,finbert_MP_mean,5,0.3371,0.0592,,32,MRO_diff
Pre-ZLB,finbert_MP_mean:lag6,finbert_MP_mean,6,0.5339,0.0016,**,32,MRO_diff
Pre-ZLB,finbert_MP_mean:lag7,finbert_MP_mean,7,0.4681,0.0069,**,32,MRO_diff
Pre-ZLB,finbert_MP_mean:lag8,finbert_MP_mean,8,0.3583,0.0441,*,32,MRO_diff
Pre-ZLB,finbert_MP_mean:lag9,finbert_MP_mean,9,0.1287,0.4826,,32,MRO_diff
Pre-ZLB,finbert_MP_mean:lag10,finbert_MP_mean,10,0.2893,0.1083,,32,MRO_diff
Pre-ZLB,finbert_MP_mean:lag11,finbert_MP_mean,11,0.1724,0.3537,,31,MRO_diff
Pre-ZLB,finbert_MP_mean:lag12,finbert_MP_mean,12,0.1267,0.4969,,31,MRO_diff
Pre-ZLB,finbert_MP_mean:lag13,finbert_MP_mean,13,0.0773,0.6794,,31,MRO_diff
Pre-ZLB,finbert_MP_mean:lag14,finbert_MP_mean,14,0.0094,0.9608,,30,MRO_diff
Pre-ZLB,finbert_MP_mean:lag15,finbert_MP_mean,15,0.0868,0.6542,,29,MRO_diff
Pre-ZLB,roberta_IS_EP_max:lag1,roberta_IS_EP_max,1,0.5844,0.0004,***,33,MRO_diff
Pre-ZLB,roberta_IS_EP_max:lag2,roberta_IS_EP_max,2,0.7163,0.0,***,33,MRO_diff
Pre-ZLB,roberta_IS_EP_max:lag3,roberta_IS_EP_max,3,0.6653,0.0,***,33,MRO_diff
Pre-ZLB,roberta_IS_EP_max:lag4,roberta_IS_EP_max,4,0.5806,0.0004,***,33,MRO_diff
Pre-ZLB,roberta_IS_EP_max:lag5,roberta_IS_EP_max,5,0.4912,0.0043,**,32,MRO_diff
Pre-ZLB,roberta_IS_EP_max:lag6,roberta_IS_EP_max,6,0.1461,0.4249,,32,MRO_diff
Pre-ZLB,roberta_IS_EP_max:lag7,roberta_IS_EP_max,7,0.3079,0.0864,,32,MRO_diff
Pre-ZLB,roberta_IS_EP_max:lag8,roberta_IS_EP_max,8,0.0467,0.7997,,32,MRO_diff
Pre-ZLB,roberta_IS_EP_max:lag9,roberta_IS_EP_max,9,0.1725,0.3453,,32,MRO_diff
Pre-ZLB,roberta_IS_EP_max:lag10,roberta_IS_EP_max,10,-0.0574,0.7551,,32,MRO_diff
Pre-ZLB,roberta_IS_EP_max:lag11,roberta_IS_EP_max,11,-0.0981,0.5994,,31,MRO_diff
Pre-ZLB,roberta_IS_EP_max:lag12,roberta_IS_EP_max,12,-0.1761,0.3433,,31,MRO_diff
Pre-ZLB,roberta_IS_EP_max:lag13,roberta_IS_EP_max,13,-0.2203,0.2337,,31,MRO_diff
Pre-ZLB,roberta_IS_EP_max:lag14,roberta_IS_EP_max,14,-0.2984,0.1092,,30,MRO_diff
Pre-ZLB,roberta_IS_EP_max:lag15,roberta_IS_EP_max,15,0.0167,0.9315,,29,MRO_diff
Pre-ZLB,finbert_QA_MP_mean:lag1,finbert_QA_MP_mean,1,0.5405,0.0012,**,33,MRO_diff
Pre-ZLB,finbert_QA_MP_mean:lag2,finbert_QA_MP_mean,2,0.4345,0.0115,*,33,MRO_diff
Pre-ZLB,finbert_QA_MP_mean:lag3,finbert_QA_MP_mean,3,0.2207,0.2172,,33,MRO_diff
Pre-ZLB,finbert_QA_MP_mean:lag4,finbert_QA_MP_mean,4,0.5481,0.001,***,33,MRO_diff
Pre-ZLB,finbert_QA_MP_mean:lag5,finbert_QA_MP_mean,5,0.1952,0.2844,,32,MRO_diff
Pre-ZLB,finbert_QA_MP_mean:lag6,finbert_QA_MP_mean,6,0.1778,0.3302,,32,MRO_diff
Pre-ZLB,finbert_QA_MP_mean:lag7,finbert_QA_MP_mean,7,0.2234,0.219,,32,MRO_diff
Pre-ZLB,finbert_QA_MP_mean:lag8,finbert_QA_MP_mean,8,0.2755,0.1269,,32,MRO_diff
Pre-ZLB,finbert_QA_MP_mean:lag9,finbert_QA_MP_mean,9,-0.1617,0.3767,,32,MRO_diff
Pre-ZLB,finbert_QA_MP_mean:lag10,finbert_QA_MP_mean,10,0.0698,0.7041,,32,MRO_diff
Pre-ZLB,finbert_QA_MP_mean:lag11,finbert_QA_MP_mean,11,0.0352,0.8533,,30,MRO_diff
Pre-ZLB,finbert_QA_MP_mean:lag12,finbert_QA_MP_mean,12,0.0161,0.9341,,29,MRO_diff
Pre-ZLB,finbert_QA_MP_mean:lag13,finbert_QA_MP_mean,13,0.0069,0.9706,,31,MRO_diff
Pre-ZLB,finbert_QA_MP_mean:lag14,finbert_QA_MP_mean,14,-0.0764,0.6935,,29,MRO_diff
Pre-ZLB,finbert_QA_MP_mean:lag15,finbert_QA_MP_mean,15,-0.1685,0.4007,,27,MRO_diff
ZLB,finbert_max,finbert_max,0,0.0565,0.5824,,97,shadow_diff
ZLB,finbert_IS_max,finbert_IS_max,0,0.1081,0.2919,,97,shadow_diff
ZLB,roberta_IS_max,roberta_IS_max,0,0.0834,0.4168,,97,shadow_diff
ZLB,finbert_MP_mean,finbert_MP_mean,0,0.0798,0.4373,,97,shadow_diff
ZLB,roberta_IS_EP_max,roberta_IS_EP_max,0,0.0805,0.4333,,97,shadow_diff
ZLB,finbert_QA_MP_mean,finbert_QA_MP_mean,0,0.076,0.4591,,97,shadow_diff
ZLB,finbert_max:lag1,finbert_max,1,-0.0141,0.8907,,97,shadow_diff
ZLB,finbert_max:lag2,finbert_max,2,-0.18,0.0776,,97,shadow_diff
ZLB,finbert_max:lag3,finbert_max,3,-0.1669,0.1022,,97,shadow_diff
ZLB,finbert_max:lag4,finbert_max,4,0.0885,0.3889,,97,shadow_diff
ZLB,finbert_max:lag5,finbert_max,5,-0.0637,0.5354,,97,shadow_diff
ZLB,finbert_max:lag6,finbert_max,6,-0.1403,0.1704,,97,shadow_diff
ZLB,finbert_max:lag7,finbert_max,7,-0.1581,0.1218,,97,shadow_diff
ZLB,finbert_max:lag8,finbert_max,8,-0.4173,0.0,***,97,shadow_diff
ZLB,finbert_max:lag9,finbert_max,9,0.0269,0.7934,,97,shadow_diff
ZLB,finbert_max:lag10,finbert_max,10,-0.0927,0.3665,,97,shadow_diff
ZLB,finbert_max:lag11,finbert_max,11,0.0782,0.4462,,97,shadow_diff
ZLB,finbert_max:lag12,finbert_max,12,-0.1096,0.2851,,97,shadow_diff
ZLB,finbert_max:lag13,finbert_max,13,0.0178,0.863,,97,shadow_diff
ZLB,finbert_max:lag14,finbert_max,14,-0.1736,0.0891,,97,shadow_diff
ZLB,finbert_max:lag15,finbert_max,15,-0.0574,0.5767,,97,shadow_diff
ZLB,finbert_IS_max:lag1,finbert_IS_max,1,-0.004,0.9693,,97,shadow_diff
ZLB,finbert_IS_max:lag2,finbert_IS_max,2,-0.1829,0.0729,,97,shadow_diff
ZLB,finbert_IS_max:lag3,finbert_IS_max,3,-0.1726,0.0909,,97,shadow_diff
ZLB,finbert_IS_max:lag4,finbert_IS_max,4,0.0932,0.3639,,97,shadow_diff
ZLB,finbert_IS_max:lag5,finbert_IS_max,5,-0.0285,0.7821,,97,shadow_diff
ZLB,finbert_IS_max:lag6,finbert_IS_max,6,-0.1861,0.0679,,97,shadow_diff
ZLB,finbert_IS_max:lag7,finbert_IS_max,7,-0.1407,0.1692,,97,shadow_diff
ZLB,finbert_IS_max:lag8,finbert_IS_max,8,-0.4957,0.0,***,97,shadow_diff
ZLB,finbert_IS_max:lag9,finbert_IS_max,9,0.0171,0.8683,,97,shadow_diff
ZLB,finbert_IS_max:lag10,finbert_IS_max,10,-0.0504,0.6237,,97,shadow_diff
ZLB,finbert_IS_max:lag11,finbert_IS_max,11,0.0155,0.8798,,97,shadow_diff
ZLB,finbert_IS_max:lag12,finbert_IS_max,12,-0.0624,0.5438,,97,shadow_diff
ZLB,finbert_IS_max:lag13,finbert_IS_max,13,-0.0283,0.7835,,97,shadow_diff
ZLB,finbert_IS_max:lag14,finbert_IS_max,14,-0.171,0.0941,,97,shadow_diff
ZLB,finbert_IS_max:lag15,finbert_IS_max,15,-0.0538,0.6005,,97,shadow_diff
ZLB,roberta_IS_max:lag1,roberta_IS_max,1,0.0,0.9999,,97,shadow_diff
ZLB,roberta_IS_max:lag2,roberta_IS_max,2,0.0029,0.9775,,97,shadow_diff
ZLB,roberta_IS_max:lag3,roberta_IS_max,3,-0.0032,0.9754,,97,shadow_diff
ZLB,roberta_IS_max:lag4,roberta_IS_max,4,0.1205,0.2398,,97,shadow_diff
ZLB,roberta_IS_max:lag5,roberta_IS_max,5,-0.0248,0.8092,,97,shadow_diff
ZLB,roberta_IS_max:lag6,roberta_IS_max,6,-0.1231,0.2296,,97,shadow_diff
ZLB,roberta_IS_max:lag7,roberta_IS_max,7,0.0268,0.7944,,97,shadow_diff
ZLB,roberta_IS_max:lag8,roberta_IS_max,8,-0.1813,0.0755,,97,shadow_diff
ZLB,roberta_IS_max:lag9,roberta_IS_max,9,0.1383,0.1766,,97,shadow_diff
ZLB,roberta_IS_max:lag10,roberta_IS_max,10,0.1019,0.3207,,97,shadow_diff
ZLB,roberta_IS_max:lag11,roberta_IS_max,11,0.0746,0.4679,,97,shadow_diff
ZLB,roberta_IS_max:lag12,roberta_IS_max,12,0.1456,0.1547,,97,shadow_diff
ZLB,roberta_IS_max:lag13,roberta_IS_max,13,0.0523,0.6108,,97,shadow_diff
ZLB,roberta_IS_max:lag14,roberta_IS_max,14,0.0776,0.4498,,97,shadow_diff
ZLB,roberta_IS_max:lag15,roberta_IS_max,15,0.1026,0.3174,,97,shadow_diff
ZLB,finbert_MP_mean:lag1,finbert_MP_mean,1,-0.0039,0.9701,,97,shadow_diff
ZLB,finbert_MP_mean:lag2,finbert_MP_mean,2,0.0614,0.5499,,97,shadow_diff
ZLB,finbert_MP_mean:lag3,finbert_MP_mean,3,-0.0518,0.614,,97,shadow_diff
ZLB,finbert_MP_mean:lag4,finbert_MP_mean,4,0.2849,0.0047,**,97,shadow_diff
ZLB,finbert_MP_mean:lag5,finbert_MP_mean,5,0.0445,0.6654,,97,shadow_diff
ZLB,finbert_MP_mean:lag6,finbert_MP_mean,6,0.1857,0.0686,,97,shadow_diff
ZLB,finbert_MP_mean:lag7,finbert_MP_mean,7,0.1431,0.1619,,97,shadow_diff
ZLB,finbert_MP_mean:lag8,finbert_MP_mean,8,0.0846,0.4101,,97,shadow_diff
ZLB,finbert_MP_mean:lag9,finbert_MP_mean,9,0.2391,0.0183,*,97,shadow_diff
ZLB,finbert_MP_mean:lag10,finbert_MP_mean,10,0.2273,0.0252,*,97,shadow_diff
ZLB,finbert_MP_mean:lag11,finbert_MP_mean,11,0.3055,0.0023,**,97,shadow_diff
ZLB,finbert_MP_mean:lag12,finbert_MP_mean,12,0.2394,0.0182,*,97,shadow_diff
ZLB,finbert_MP_mean:lag13,finbert_MP_mean,13,0.0645,0.5304,,97,shadow_diff
ZLB,finbert_MP_mean:lag14,finbert_MP_mean,14,0.0251,0.8074,,97,shadow_diff
ZLB,finbert_MP_mean:lag15,finbert_MP_mean,15,0.2365,0.0197,*,97,shadow_diff
ZLB,roberta_IS_EP_max:lag1,roberta_IS_EP_max,1,0.0761,0.4586,,97,shadow_diff
ZLB,roberta_IS_EP_max:lag2,roberta_IS_EP_max,2,0.0712,0.4883,,97,shadow_diff
ZLB,roberta_IS_EP_max:lag3,roberta_IS_EP_max,3,0.0291,0.7773,,97,shadow_diff
ZLB,roberta_IS_EP_max:lag4,roberta_IS_EP_max,4,0.1389,0.1748,,97,shadow_diff
ZLB,roberta_IS_EP_max:lag5,roberta_IS_EP_max,5,-0.1101,0.2829,,97,shadow_diff
ZLB,roberta_IS_EP_max:lag6,roberta_IS_EP_max,6,-0.0964,0.3474,,97,shadow_diff
ZLB,roberta_IS_EP_max:lag7,roberta_IS_EP_max,7,-0.0348,0.7354,,97,shadow_diff
ZLB,roberta_IS_EP_max:lag8,roberta_IS_EP_max,8,-0.0364,0.7234,,97,shadow_diff
ZLB,roberta_IS_EP_max:lag9,roberta_IS_EP_max,9,0.123,0.2302,,97,shadow_diff
ZLB,roberta_IS_EP_max:lag10,roberta_IS_EP_max,10,0.1137,0.2673,,97,shadow_diff
ZLB,roberta_IS_EP_max:lag11,roberta_IS_EP_max,11,0.0616,0.5491,,97,shadow_diff
ZLB,roberta_IS_EP_max:lag12,roberta_IS_EP_max,12,0.093,0.3647,,97,shadow_diff
ZLB,roberta_IS_EP_max:lag13,roberta_IS_EP_max,13,0.0598,0.5605,,97,shadow_diff
ZLB,roberta_IS_EP_max:lag14,roberta_IS_EP_max,14,-0.0064,0.9502,,97,shadow_diff
ZLB,roberta_IS_EP_max:lag15,roberta_IS_EP_max,15,0.0345,0.7376,,97,shadow_diff
ZLB,finbert_QA_MP_mean:lag1,finbert_QA_MP_mean,1,0.1078,0.2931,,97,shadow_diff
ZLB,finbert_QA_MP_mean:lag2,finbert_QA_MP_mean,2,0.0846,0.4099,,97,shadow_diff
ZLB,finbert_QA_MP_mean:lag3,finbert_QA_MP_mean,3,0.0097,0.9246,,97,shadow_diff
ZLB,finbert_QA_MP_mean:lag4,finbert_QA_MP_mean,4,0.2829,0.005,**,97,shadow_diff
ZLB,finbert_QA_MP_mean:lag5,finbert_QA_MP_mean,5,0.0711,0.489,,97,shadow_diff
ZLB,finbert_QA_MP_mean:lag6,finbert_QA_MP_mean,6,0.263,0.0092,**,97,shadow_diff
ZLB,finbert_QA_MP_mean:lag7,finbert_QA_MP_mean,7,0.1128,0.2714,,97,shadow_diff
ZLB,finbert_QA_MP_mean:lag8,finbert_QA_MP_mean,8,0.0817,0.4262,,97,shadow_diff
ZLB,finbert_QA_MP_mean:lag9,finbert_QA_MP_mean,9,0.1332,0.1934,,97,shadow_diff
ZLB,finbert_QA_MP_mean:lag10,finbert_QA_MP_mean,10,0.1681,0.0999,,97,shadow_diff
ZLB,finbert_QA_MP_mean:lag11,finbert_QA_MP_mean,11,0.264,0.009,**,97,shadow_diff
ZLB,finbert_QA_MP_mean:lag12,finbert_QA_MP_mean,12,0.2168,0.0329,*,97,shadow_diff
ZLB,finbert_QA_MP_mean:lag13,finbert_QA_MP_mean,13,0.025,0.8079,,97,shadow_diff
ZLB,finbert_QA_MP_mean:lag14,finbert_QA_MP_mean,14,0.0402,0.6959,,97,shadow_diff
ZLB,finbert_QA_MP_mean:lag15,finbert_QA_MP_mean,15,0.2323,0.0221,*,97,shadow_diff
Hiking,finbert_max,finbert_max,0,-0.2421,0.333,,18,MRO_diff
Hiking,finbert_IS_max,finbert_IS_max,0,-0.2266,0.3659,,18,MRO_diff
Hiking,roberta_IS_max,roberta_IS_max,0,-0.5332,0.0227,*,18,MRO_diff
Hiking,finbert_MP_mean,finbert_MP_mean,0,0.0014,0.9956,,18,MRO_diff
Hiking,roberta_IS_EP_max,roberta_IS_EP_max,0,-0.4304,0.0746,,18,MRO_diff
Hiking,finbert_QA_MP_mean,finbert_QA_MP_mean,0,0.1168,0.6445,,18,MRO_diff
Hiking,finbert_max:lag1,finbert_max,1,-0.4473,0.0627,,18,MRO_diff
Hiking,finbert_max:lag2,finbert_max,2,0.1914,0.4467,,18,MRO_diff
Hiking,finbert_max:lag3,finbert_max,3,-0.0446,0.8607,,18,MRO_diff
Hiking,finbert_max:lag4,finbert_max,4,0.3232,0.1908,,18,MRO_diff
Hiking,finbert_max:lag5,finbert_max,5,0.2468,0.3236,,18,MRO_diff
Hiking,finbert_max:lag6,finbert_max,6,0.4332,0.0725,,18,MRO_diff
Hiking,finbert_max:lag7,finbert_max,7,0.5357,0.022,*,18,MRO_diff
Hiking,finbert_max:lag8,finbert_max,8,0.5798,0.0117,*,18,MRO_diff
Hiking,finbert_max:lag9,finbert_max,9,0.6341,0.0047,**,18,MRO_diff
Hiking,finbert_max:lag10,finbert_max,10,0.0815,0.7479,,18,MRO_diff
Hiking,finbert_max:lag11,finbert_max,11,-0.0353,0.8894,,18,MRO_diff
Hiking,finbert_max:lag12,finbert_max,12,-0.118,0.641,,18,MRO_diff
Hiking,finbert_max:lag13,finbert_max,13,0.006,0.981,,18,MRO_diff
Hiking,finbert_max:lag14,finbert_max,14,0.0062,0.9805,,18,MRO_diff
Hiking,finbert_max:lag15,finbert_max,15,-0.0537,0.8323,,18,MRO_diff
Hiking,finbert_IS_max:lag1,finbert_IS_max,1,-0.4309,0.0742,,18,MRO_diff
Hiking,finbert_IS_max:lag2,finbert_IS_max,2,0.2094,0.4043,,18,MRO_diff
Hiking,finbert_IS_max:lag3,finbert_IS_max,3,-0.0247,0.9225,,18,MRO_diff
Hiking,finbert_IS_max:lag4,finbert_IS_max,4,0.3303,0.1807,,18,MRO_diff
Hiking,finbert_IS_max:lag5,finbert_IS_max,5,0.2932,0.2376,,18,MRO_diff
Hiking,finbert_IS_max:lag6,finbert_IS_max,6,0.4485,0.0619,,18,MRO_diff
Hiking,finbert_IS_max:lag7,finbert_IS_max,7,0.6311,0.005,**,18,MRO_diff
Hiking,finbert_IS_max:lag8,finbert_IS_max,8,0.6131,0.0068,**,18,MRO_diff
Hiking,finbert_IS_max:lag9,finbert_IS_max,9,0.6633,0.0027,**,18,MRO_diff
Hiking,finbert_IS_max:lag10,finbert_IS_max,10,-0.0778,0.7591,,18,MRO_diff
Hiking,finbert_IS_max:lag11,finbert_IS_max,11,-0.2184,0.3839,,18,MRO_diff
Hiking,finbert_IS_max:lag12,finbert_IS_max,12,-0.2545,0.3082,,18,MRO_diff
Hiking,finbert_IS_max:lag13,finbert_IS_max,13,-0.1139,0.6527,,18,MRO_diff
Hiking,finbert_IS_max:lag14,finbert_IS_max,14,-0.1301,0.607,,18,MRO_diff
Hiking,finbert_IS_max:lag15,finbert_IS_max,15,-0.1561,0.5361,,18,MRO_diff
Hiking,roberta_IS_max:lag1,roberta_IS_max,1,-0.4229,0.0804,,18,MRO_diff
Hiking,roberta_IS_max:lag2,roberta_IS_max,2,-0.3088,0.2124,,18,MRO_diff
Hiking,roberta_IS_max:lag3,roberta_IS_max,3,-0.1517,0.5479,,18,MRO_diff
Hiking,roberta_IS_max:lag4,roberta_IS_max,4,-0.0972,0.7013,,18,MRO_diff
Hiking,roberta_IS_max:lag5,roberta_IS_max,5,0.2788,0.2626,,18,MRO_diff
Hiking,roberta_IS_max:lag6,roberta_IS_max,6,0.3449,0.1611,,18,MRO_diff
Hiking,roberta_IS_max:lag7,roberta_IS_max,7,0.5218,0.0264,*,18,MRO_diff
Hiking,roberta_IS_max:lag8,roberta_IS_max,8,0.661,0.0028,**,18,MRO_diff
Hiking,roberta_IS_max:lag9,roberta_IS_max,9,0.7046,0.0011,**,18,MRO_diff
Hiking,roberta_IS_max:lag10,roberta_IS_max,10,0.4916,0.0383,*,18,MRO_diff
Hiking,roberta_IS_max:lag11,roberta_IS_max,11,0.2678,0.2826,,18,MRO_diff
Hiking,roberta_IS_max:lag12,roberta_IS_max,12,0.2959,0.2332,,18,MRO_diff
Hiking,roberta_IS_max:lag13,roberta_IS_max,13,0.4013,0.0988,,18,MRO_diff
Hiking,roberta_IS_max:lag14,roberta_IS_max,14,0.2664,0.2852,,18,MRO_diff
Hiking,roberta_IS_max:lag15,roberta_IS_max,15,0.2578,0.3016,,18,MRO_diff
Hiking,finbert_MP_mean:lag1,finbert_MP_mean,1,0.187,0.4575,,18,MRO_diff
Hiking,finbert_MP_mean:lag2,finbert_MP_mean,2,0.4368,0.0699,,18,MRO_diff
Hiking,finbert_MP_mean:lag3,finbert_MP_mean,3,0.4272,0.077,,18,MRO_diff
Hiking,finbert_MP_mean:lag4,finbert_MP_mean,4,0.6245,0.0056,**,18,MRO_diff
Hiking,finbert_MP_mean:lag5,finbert_MP_mean,5,0.6971,0.0013,**,18,MRO_diff
Hiking,finbert_MP_mean:lag6,finbert_MP_mean,6,0.7374,0.0005,***,18,MRO_diff
Hiking,finbert_MP_mean:lag7,finbert_MP_mean,7,0.7505,0.0003,***,18,MRO_diff
Hiking,finbert_MP_mean:lag8,finbert_MP_mean,8,0.7491,0.0003,***,18,MRO_diff
Hiking,finbert_MP_mean:lag9,finbert_MP_mean,9,0.7386,0.0005,***,18,MRO_diff
Hiking,finbert_MP_mean:lag10,finbert_MP_mean,10,0.7978,0.0001,***,18,MRO_diff
Hiking,finbert_MP_mean:lag11,finbert_MP_mean,11,0.7792,0.0001,***,18,MRO_diff
Hiking,finbert_MP_mean:lag12,finbert_MP_mean,12,0.8002,0.0001,***,18,MRO_diff
Hiking,finbert_MP_mean:lag13,finbert_MP_mean,13,0.8036,0.0001,***,18,MRO_diff
Hiking,finbert_MP_mean:lag14,finbert_MP_mean,14,0.8181,0.0,***,18,MRO_diff
Hiking,finbert_MP_mean:lag15,finbert_MP_mean,15,0.8747,0.0,***,18,MRO_diff
Hiking,roberta_IS_EP_max:lag1,roberta_IS_EP_max,1,-0.3915,0.1081,,18,MRO_diff
Hiking,roberta_IS_EP_max:lag2,roberta_IS_EP_max,2,-0.3088,0.2124,,18,MRO_diff
Hiking,roberta_IS_EP_max:lag3,roberta_IS_EP_max,3,-0.1517,0.5479,,18,MRO_diff
Hiking,roberta_IS_EP_max:lag4,roberta_IS_EP_max,4,-0.0972,0.7013,,18,MRO_diff
Hiking,roberta_IS_EP_max:lag5,roberta_IS_EP_max,5,0.2788,0.2626,,18,MRO_diff
Hiking,roberta_IS_EP_max:lag6,roberta_IS_EP_max,6,0.3357,0.1733,,18,MRO_diff
Hiking,roberta_IS_EP_max:lag7,roberta_IS_EP_max,7,0.5079,0.0314,*,18,MRO_diff
Hiking,roberta_IS_EP_max:lag8,roberta_IS_EP_max,8,0.6729,0.0022,**,18,MRO_diff
Hiking,roberta_IS_EP_max:lag9,roberta_IS_EP_max,9,0.6573,0.003,**,18,MRO_diff
Hiking,roberta_IS_EP_max:lag10,roberta_IS_EP_max,10,0.5033,0.0332,*,18,MRO_diff
Hiking,roberta_IS_EP_max:lag11,roberta_IS_EP_max,11,0.3146,0.2036,,18,MRO_diff
Hiking,roberta_IS_EP_max:lag12,roberta_IS_EP_max,12,0.3374,0.1709,,18,MRO_diff
Hiking,roberta_IS_EP_max:lag13,roberta_IS_EP_max,13,0.4272,0.077,,18,MRO_diff
Hiking,roberta_IS_EP_max:lag14,roberta_IS_EP_max,14,0.31,0.2106,,18,MRO_diff
Hiking,roberta_IS_EP_max:lag15,roberta_IS_EP_max,15,0.2539,0.3093,,18,MRO_diff
Hiking,finbert_QA_MP_mean:lag1,finbert_QA_MP_mean,1,0.0564,0.824,,18,MRO_diff
Hiking,finbert_QA_MP_mean:lag2,finbert_QA_MP_mean,2,0.3179,0.1985,,18,MRO_diff
Hiking,finbert_QA_MP_mean:lag3,finbert_QA_MP_mean,3,0.4417,0.0665,,18,MRO_diff
Hiking,finbert_QA_MP_mean:lag4,finbert_QA_MP_mean,4,0.5663,0.0143,*,18,MRO_diff
Hiking,finbert_QA_MP_mean:lag5,finbert_QA_MP_mean,5,0.5553,0.0167,*,18,MRO_diff
Hiking,finbert_QA_MP_mean:lag6,finbert_QA_MP_mean,6,0.5596,0.0157,*,18,MRO_diff
Hiking,finbert_QA_MP_mean:lag7,finbert_QA_MP_mean,7,0.5851,0.0108,*,18,MRO_diff
Hiking,finbert_QA_MP_mean:lag8,finbert_QA_MP_mean,8,0.6249,0.0056,**,18,MRO_diff
Hiking,finbert_QA_MP_mean:lag9,finbert_QA_MP_mean,9,0.5749,0.0126,*,18,MRO_diff
Hiking,finbert_QA_MP_mean:lag10,finbert_QA_MP_mean,10,0.7473,0.0004,***,18,MRO_diff
Hiking,finbert_QA_MP_mean:lag11,finbert_QA_MP_mean,11,0.5713,0.0133,*,18,MRO_diff
Hiking,finbert_QA_MP_mean:lag12,finbert_QA_MP_mean,12,0.6141,0.0067,**,18,MRO_diff
Hiking,finbert_QA_MP_mean:lag13,finbert_QA_MP_mean,13,0.4165,0.0855,,18,MRO_diff
Hiking,finbert_QA_MP_mean:lag14,finbert_QA_MP_mean,14,0.4277,0.0766,,18,MRO_diff
Hiking,finbert_QA_MP_mean:lag15,finbert_QA_MP_mean,15,0.3766,0.1234,,18,MRO_diff
