Era,Feature,Base,Lag,IsDelta,r,p,sig,n,target
Full_composite,finbert_mean,finbert_mean,0,False,0.1339,0.1517,,116,composite_diff
Full_composite,finbert_QA_mean,finbert_QA_mean,0,False,0.1716,0.0655,,116,composite_diff
Full_composite,finbert_MP_mean,finbert_MP_mean,0,False,0.1597,0.0869,,116,composite_diff
Full_composite,finbert_QA_EP_mean,finbert_QA_EP_mean,0,False,0.0542,0.5632,,116,composite_diff
Full_composite,finbert_QA_MP_mean,finbert_QA_MP_mean,0,False,0.1554,0.0959,,116,composite_diff
Full_composite,roberta_QA_EP_mean,roberta_QA_EP_mean,0,False,0.0883,0.3461,,116,composite_diff
Full_composite,finbert_mean:lag1,finbert_mean,1,False,0.2161,0.0198,*,116,composite_diff
Full_composite,finbert_mean:lag2,finbert_mean,2,False,0.1735,0.0625,,116,composite_diff
Full_composite,finbert_mean:lag3,finbert_mean,3,False,0.2197,0.0178,*,116,composite_diff
Full_composite,finbert_mean:lag4,finbert_mean,4,False,0.3297,0.0003,***,116,composite_diff
Full_composite,finbert_mean:lag5,finbert_mean,5,False,0.1413,0.1319,,115,composite_diff
Full_composite,finbert_mean:lag6,finbert_mean,6,False,0.2536,0.0062,**,115,composite_diff
Full_composite,finbert_mean:lag7,finbert_mean,7,False,0.1979,0.034,*,115,composite_diff
Full_composite,finbert_mean:lag8,finbert_mean,8,False,0.1646,0.0789,,115,composite_diff
Full_composite,finbert_mean:lag9,finbert_mean,9,False,0.151,0.1071,,115,composite_diff
Full_composite,finbert_mean:lag10,finbert_mean,10,False,0.2751,0.0029,**,115,composite_diff
Full_composite,finbert_mean:lag11,finbert_mean,11,False,0.1798,0.0556,,114,composite_diff
Full_composite,finbert_mean:lag12,finbert_mean,12,False,0.1368,0.1465,,114,composite_diff
Full_composite,finbert_mean:lag13,finbert_mean,13,False,0.1084,0.2507,,114,composite_diff
Full_composite,finbert_mean:lag14,finbert_mean,14,False,0.032,0.7366,,113,composite_diff
Full_composite,finbert_mean:lag15,finbert_mean,15,False,0.1378,0.1472,,112,composite_diff
Full_composite,finbert_QA_mean:lag1,finbert_QA_mean,1,False,0.2949,0.0013,**,116,composite_diff
Full_composite,finbert_QA_mean:lag2,finbert_QA_mean,2,False,0.2101,0.0236,*,116,composite_diff
Full_composite,finbert_QA_mean:lag3,finbert_QA_mean,3,False,0.2411,0.0091,**,116,composite_diff
Full_composite,finbert_QA_mean:lag4,finbert_QA_mean,4,False,0.3929,0.0,***,116,composite_diff
Full_composite,finbert_QA_mean:lag5,finbert_QA_mean,5,False,0.2112,0.0234,*,115,composite_diff
Full_composite,finbert_QA_mean:lag6,finbert_QA_mean,6,False,0.3369,0.0002,***,115,composite_diff
Full_composite,finbert_QA_mean:lag7,finbert_QA_mean,7,False,0.2323,0.0125,*,115,composite_diff
Full_composite,finbert_QA_mean:lag8,finbert_QA_mean,8,False,0.2221,0.017,*,115,composite_diff
Full_composite,finbert_QA_mean:lag9,finbert_QA_mean,9,False,0.131,0.1628,,115,composite_diff
Full_composite,finbert_QA_mean:lag10,finbert_QA_mean,10,False,0.243,0.0089,**,115,composite_diff
Full_composite,finbert_QA_mean:lag11,finbert_QA_mean,11,False,0.2043,0.0292,*,114,composite_diff
Full_composite,finbert_QA_mean:lag12,finbert_QA_mean,12,False,0.2131,0.0228,*,114,composite_diff
Full_composite,finbert_QA_mean:lag13,finbert_QA_mean,13,False,0.0975,0.3019,,114,composite_diff
Full_composite,finbert_QA_mean:lag14,finbert_QA_mean,14,False,0.0172,0.8567,,113,composite_diff
Full_composite,finbert_QA_mean:lag15,finbert_QA_mean,15,False,0.0951,0.3183,,112,composite_diff
Full_composite,finbert_MP_mean:lag1,finbert_MP_mean,1,False,0.2931,0.0014,**,116,composite_diff
Full_composite,finbert_MP_mean:lag2,finbert_MP_mean,2,False,0.2147,0.0206,*,116,composite_diff
Full_composite,finbert_MP_mean:lag3,finbert_MP_mean,3,False,0.1741,0.0616,,116,composite_diff
Full_composite,finbert_MP_mean:lag4,finbert_MP_mean,4,False,0.3729,0.0,***,116,composite_diff
Full_composite,finbert_MP_mean:lag5,finbert_MP_mean,5,False,0.1642,0.0795,,115,composite_diff
Full_composite,finbert_MP_mean:lag6,finbert_MP_mean,6,False,0.2418,0.0092,**,115,composite_diff
Full_composite,finbert_MP_mean:lag7,finbert_MP_mean,7,False,0.2429,0.0089,**,115,composite_diff
Full_composite,finbert_MP_mean:lag8,finbert_MP_mean,8,False,0.2731,0.0031,**,115,composite_diff
Full_composite,finbert_MP_mean:lag9,finbert_MP_mean,9,False,0.1506,0.1081,,115,composite_diff
Full_composite,finbert_MP_mean:lag10,finbert_MP_mean,10,False,0.2054,0.0277,*,115,composite_diff
Full_composite,finbert_MP_mean:lag11,finbert_MP_mean,11,False,0.2247,0.0162,*,114,composite_diff
Full_composite,finbert_MP_mean:lag12,finbert_MP_mean,12,False,0.154,0.1019,,114,composite_diff
Full_composite,finbert_MP_mean:lag13,finbert_MP_mean,13,False,0.0724,0.4437,,114,composite_diff
Full_composite,finbert_MP_mean:lag14,finbert_MP_mean,14,False,0.0664,0.4845,,113,composite_diff
Full_composite,finbert_MP_mean:lag15,finbert_MP_mean,15,False,0.1259,0.1858,,112,composite_diff
Full_composite,finbert_QA_EP_mean:lag1,finbert_QA_EP_mean,1,False,0.2499,0.0068,**,116,composite_diff
Full_composite,finbert_QA_EP_mean:lag2,finbert_QA_EP_mean,2,False,0.0841,0.3695,,116,composite_diff
Full_composite,finbert_QA_EP_mean:lag3,finbert_QA_EP_mean,3,False,0.2322,0.0121,*,116,composite_diff
Full_composite,finbert_QA_EP_mean:lag4,finbert_QA_EP_mean,4,False,0.2773,0.0026,**,116,composite_diff
Full_composite,finbert_QA_EP_mean:lag5,finbert_QA_EP_mean,5,False,0.1196,0.2028,,115,composite_diff
Full_composite,finbert_QA_EP_mean:lag6,finbert_QA_EP_mean,6,False,0.2905,0.0016,**,115,composite_diff
Full_composite,finbert_QA_EP_mean:lag7,finbert_QA_EP_mean,7,False,0.1352,0.1496,,115,composite_diff
Full_composite,finbert_QA_EP_mean:lag8,finbert_QA_EP_mean,8,False,0.1619,0.0839,,115,composite_diff
Full_composite,finbert_QA_EP_mean:lag9,finbert_QA_EP_mean,9,False,0.1201,0.2011,,115,composite_diff
Full_composite,finbert_QA_EP_mean:lag10,finbert_QA_EP_mean,10,False,0.1818,0.0519,,115,composite_diff
Full_composite,finbert_QA_EP_mean:lag11,finbert_QA_EP_mean,11,False,0.1104,0.2424,,114,composite_diff
Full_composite,finbert_QA_EP_mean:lag12,finbert_QA_EP_mean,12,False,0.1769,0.0597,,114,composite_diff
Full_composite,finbert_QA_EP_mean:lag13,finbert_QA_EP_mean,13,False,-0.0119,0.8997,,114,composite_diff
Full_composite,finbert_QA_EP_mean:lag14,finbert_QA_EP_mean,14,False,0.1122,0.2369,,113,composite_diff
Full_composite,finbert_QA_EP_mean:lag15,finbert_QA_EP_mean,15,False,0.1828,0.0538,,112,composite_diff
Full_composite,finbert_QA_MP_mean:lag1,finbert_QA_MP_mean,1,False,0.2638,0.0042,**,116,composite_diff
Full_composite,finbert_QA_MP_mean:lag2,finbert_QA_MP_mean,2,False,0.1945,0.0364,*,116,composite_diff
Full_composite,finbert_QA_MP_mean:lag3,finbert_QA_MP_mean,3,False,0.1144,0.2212,,116,composite_diff
Full_composite,finbert_QA_MP_mean:lag4,finbert_QA_MP_mean,4,False,0.3686,0.0,***,116,composite_diff
Full_composite,finbert_QA_MP_mean:lag5,finbert_QA_MP_mean,5,False,0.1645,0.0789,,115,composite_diff
Full_composite,finbert_QA_MP_mean:lag6,finbert_QA_MP_mean,6,False,0.2717,0.0033,**,115,composite_diff
Full_composite,finbert_QA_MP_mean:lag7,finbert_QA_MP_mean,7,False,0.1257,0.1806,,115,composite_diff
Full_composite,finbert_QA_MP_mean:lag8,finbert_QA_MP_mean,8,False,0.2624,0.0046,**,115,composite_diff
Full_composite,finbert_QA_MP_mean:lag9,finbert_QA_MP_mean,9,False,0.0915,0.3306,,115,composite_diff
Full_composite,finbert_QA_MP_mean:lag10,finbert_QA_MP_mean,10,False,0.1224,0.1924,,115,composite_diff
Full_composite,finbert_QA_MP_mean:lag11,finbert_QA_MP_mean,11,False,0.2644,0.0045,**,114,composite_diff
Full_composite,finbert_QA_MP_mean:lag12,finbert_QA_MP_mean,12,False,0.2174,0.0202,*,114,composite_diff
Full_composite,finbert_QA_MP_mean:lag13,finbert_QA_MP_mean,13,False,0.1026,0.2775,,114,composite_diff
Full_composite,finbert_QA_MP_mean:lag14,finbert_QA_MP_mean,14,False,-0.0237,0.8028,,113,composite_diff
Full_composite,finbert_QA_MP_mean:lag15,finbert_QA_MP_mean,15,False,0.0224,0.8145,,112,composite_diff
Full_composite,roberta_QA_EP_mean:lag1,roberta_QA_EP_mean,1,False,0.106,0.2574,,116,composite_diff
Full_composite,roberta_QA_EP_mean:lag2,roberta_QA_EP_mean,2,False,0.0862,0.3576,,116,composite_diff
Full_composite,roberta_QA_EP_mean:lag3,roberta_QA_EP_mean,3,False,0.1918,0.0392,*,116,composite_diff
Full_composite,roberta_QA_EP_mean:lag4,roberta_QA_EP_mean,4,False,0.2966,0.0012,**,116,composite_diff
Full_composite,roberta_QA_EP_mean:lag5,roberta_QA_EP_mean,5,False,0.1619,0.0839,,115,composite_diff
Full_composite,roberta_QA_EP_mean:lag6,roberta_QA_EP_mean,6,False,0.2203,0.018,*,115,composite_diff
Full_composite,roberta_QA_EP_mean:lag7,roberta_QA_EP_mean,7,False,0.225,0.0156,*,115,composite_diff
Full_composite,roberta_QA_EP_mean:lag8,roberta_QA_EP_mean,8,False,0.058,0.538,,115,composite_diff
Full_composite,roberta_QA_EP_mean:lag9,roberta_QA_EP_mean,9,False,0.104,0.2685,,115,composite_diff
Full_composite,roberta_QA_EP_mean:lag10,roberta_QA_EP_mean,10,False,0.2145,0.0213,*,115,composite_diff
Full_composite,roberta_QA_EP_mean:lag11,roberta_QA_EP_mean,11,False,-0.0562,0.5524,,114,composite_diff
Full_composite,roberta_QA_EP_mean:lag12,roberta_QA_EP_mean,12,False,0.1626,0.084,,114,composite_diff
Full_composite,roberta_QA_EP_mean:lag13,roberta_QA_EP_mean,13,False,0.0094,0.9209,,114,composite_diff
Full_composite,roberta_QA_EP_mean:lag14,roberta_QA_EP_mean,14,False,0.0905,0.3403,,113,composite_diff
Full_composite,roberta_QA_EP_mean:lag15,roberta_QA_EP_mean,15,False,0.0568,0.5523,,112,composite_diff
Full,finbert_mean,finbert_mean,0,False,0.258,0.0505,,58,MRO_diff
Full,finbert_QA_mean,finbert_QA_mean,0,False,0.2818,0.0321,*,58,MRO_diff
Full,finbert_MP_mean,finbert_MP_mean,0,False,0.446,0.0004,***,58,MRO_diff
Full,finbert_QA_EP_mean,finbert_QA_EP_mean,0,False,0.1991,0.134,,58,MRO_diff
Full,finbert_QA_MP_mean,finbert_QA_MP_mean,0,False,0.2683,0.0418,*,58,MRO_diff
Full,roberta_QA_EP_mean,roberta_QA_EP_mean,0,False,-0.0233,0.8622,,58,MRO_diff
Full,finbert_mean:lag1,finbert_mean,1,False,0.4664,0.0002,***,58,MRO_diff
Full,finbert_mean:lag2,finbert_mean,2,False,0.4295,0.0008,***,58,MRO_diff
Full,finbert_mean:lag3,finbert_mean,3,False,0.4731,0.0002,***,58,MRO_diff
Full,finbert_mean:lag4,finbert_mean,4,False,0.5829,0.0,***,58,MRO_diff
Full,finbert_mean:lag5,finbert_mean,5,False,0.4667,0.0003,***,57,MRO_diff
Full,finbert_mean:lag6,finbert_mean,6,False,0.515,0.0,***,57,MRO_diff
Full,finbert_mean:lag7,finbert_mean,7,False,0.4702,0.0002,***,57,MRO_diff
Full,finbert_mean:lag8,finbert_mean,8,False,0.3838,0.0032,**,57,MRO_diff
Full,finbert_mean:lag9,finbert_mean,9,False,0.3741,0.0041,**,57,MRO_diff
Full,finbert_mean:lag10,finbert_mean,10,False,0.4444,0.0005,***,57,MRO_diff
Full,finbert_mean:lag11,finbert_mean,11,False,0.3246,0.0146,*,56,MRO_diff
Full,finbert_mean:lag12,finbert_mean,12,False,0.2237,0.0974,,56,MRO_diff
Full,finbert_mean:lag13,finbert_mean,13,False,0.3373,0.011,*,56,MRO_diff
Full,finbert_mean:lag14,finbert_mean,14,False,0.2196,0.1072,,55,MRO_diff
Full,finbert_mean:lag15,finbert_mean,15,False,0.2811,0.0395,*,54,MRO_diff
Full,finbert_QA_mean:lag1,finbert_QA_mean,1,False,0.4271,0.0008,***,58,MRO_diff
Full,finbert_QA_mean:lag2,finbert_QA_mean,2,False,0.4233,0.0009,***,58,MRO_diff
Full,finbert_QA_mean:lag3,finbert_QA_mean,3,False,0.4106,0.0014,**,58,MRO_diff
Full,finbert_QA_mean:lag4,finbert_QA_mean,4,False,0.5212,0.0,***,58,MRO_diff
Full,finbert_QA_mean:lag5,finbert_QA_mean,5,False,0.3861,0.003,**,57,MRO_diff
Full,finbert_QA_mean:lag6,finbert_QA_mean,6,False,0.4257,0.001,***,57,MRO_diff
Full,finbert_QA_mean:lag7,finbert_QA_mean,7,False,0.3229,0.0143,*,57,MRO_diff
Full,finbert_QA_mean:lag8,finbert_QA_mean,8,False,0.369,0.0047,**,57,MRO_diff
Full,finbert_QA_mean:lag9,finbert_QA_mean,9,False,0.2278,0.0884,,57,MRO_diff
Full,finbert_QA_mean:lag10,finbert_QA_mean,10,False,0.3425,0.0091,**,57,MRO_diff
Full,finbert_QA_mean:lag11,finbert_QA_mean,11,False,0.3108,0.0197,*,56,MRO_diff
Full,finbert_QA_mean:lag12,finbert_QA_mean,12,False,0.3115,0.0194,*,56,MRO_diff
Full,finbert_QA_mean:lag13,finbert_QA_mean,13,False,0.1951,0.1497,,56,MRO_diff
Full,finbert_QA_mean:lag14,finbert_QA_mean,14,False,0.1846,0.1774,,55,MRO_diff
Full,finbert_QA_mean:lag15,finbert_QA_mean,15,False,0.2308,0.0931,,54,MRO_diff
Full,finbert_MP_mean:lag1,finbert_MP_mean,1,False,0.6267,0.0,***,58,MRO_diff
Full,finbert_MP_mean:lag2,finbert_MP_mean,2,False,0.5837,0.0,***,58,MRO_diff
Full,finbert_MP_mean:lag3,finbert_MP_mean,3,False,0.4755,0.0002,***,58,MRO_diff
Full,finbert_MP_mean:lag4,finbert_MP_mean,4,False,0.6642,0.0,***,58,MRO_diff
Full,finbert_MP_mean:lag5,finbert_MP_mean,5,False,0.4249,0.001,***,57,MRO_diff
Full,finbert_MP_mean:lag6,finbert_MP_mean,6,False,0.5321,0.0,***,57,MRO_diff
Full,finbert_MP_mean:lag7,finbert_MP_mean,7,False,0.5412,0.0,***,57,MRO_diff
Full,finbert_MP_mean:lag8,finbert_MP_mean,8,False,0.5074,0.0001,***,57,MRO_diff
Full,finbert_MP_mean:lag9,finbert_MP_mean,9,False,0.344,0.0088,**,57,MRO_diff
Full,finbert_MP_mean:lag10,finbert_MP_mean,10,False,0.4932,0.0001,***,57,MRO_diff
Full,finbert_MP_mean:lag11,finbert_MP_mean,11,False,0.3412,0.0101,*,56,MRO_diff
Full,finbert_MP_mean:lag12,finbert_MP_mean,12,False,0.1804,0.1833,,56,MRO_diff
Full,finbert_MP_mean:lag13,finbert_MP_mean,13,False,0.2516,0.0614,,56,MRO_diff
Full,finbert_MP_mean:lag14,finbert_MP_mean,14,False,0.2386,0.0794,,55,MRO_diff
Full,finbert_MP_mean:lag15,finbert_MP_mean,15,False,0.25,0.0683,,54,MRO_diff
Full,finbert_QA_EP_mean:lag1,finbert_QA_EP_mean,1,False,0.4032,0.0017,**,58,MRO_diff
Full,finbert_QA_EP_mean:lag2,finbert_QA_EP_mean,2,False,0.3505,0.007,**,58,MRO_diff
Full,finbert_QA_EP_mean:lag3,finbert_QA_EP_mean,3,False,0.3163,0.0156,*,58,MRO_diff
Full,finbert_QA_EP_mean:lag4,finbert_QA_EP_mean,4,False,0.4262,0.0009,***,58,MRO_diff
Full,finbert_QA_EP_mean:lag5,finbert_QA_EP_mean,5,False,0.2939,0.0265,*,57,MRO_diff
Full,finbert_QA_EP_mean:lag6,finbert_QA_EP_mean,6,False,0.4567,0.0004,***,57,MRO_diff
Full,finbert_QA_EP_mean:lag7,finbert_QA_EP_mean,7,False,0.2432,0.0683,,57,MRO_diff
Full,finbert_QA_EP_mean:lag8,finbert_QA_EP_mean,8,False,0.2961,0.0253,*,57,MRO_diff
Full,finbert_QA_EP_mean:lag9,finbert_QA_EP_mean,9,False,0.3488,0.0078,**,57,MRO_diff
Full,finbert_QA_EP_mean:lag10,finbert_QA_EP_mean,10,False,0.4084,0.0016,**,57,MRO_diff
Full,finbert_QA_EP_mean:lag11,finbert_QA_EP_mean,11,False,0.1796,0.1855,,56,MRO_diff
Full,finbert_QA_EP_mean:lag12,finbert_QA_EP_mean,12,False,0.4178,0.0014,**,56,MRO_diff
Full,finbert_QA_EP_mean:lag13,finbert_QA_EP_mean,13,False,0.2066,0.1266,,56,MRO_diff
Full,finbert_QA_EP_mean:lag14,finbert_QA_EP_mean,14,False,0.1941,0.1556,,55,MRO_diff
Full,finbert_QA_EP_mean:lag15,finbert_QA_EP_mean,15,False,0.2571,0.0606,,54,MRO_diff
Full,finbert_QA_MP_mean:lag1,finbert_QA_MP_mean,1,False,0.3138,0.0165,*,58,MRO_diff
Full,finbert_QA_MP_mean:lag2,finbert_QA_MP_mean,2,False,0.3542,0.0064,**,58,MRO_diff
Full,finbert_QA_MP_mean:lag3,finbert_QA_MP_mean,3,False,0.2462,0.0625,,58,MRO_diff
Full,finbert_QA_MP_mean:lag4,finbert_QA_MP_mean,4,False,0.4924,0.0001,***,58,MRO_diff
Full,finbert_QA_MP_mean:lag5,finbert_QA_MP_mean,5,False,0.2401,0.0721,,57,MRO_diff
Full,finbert_QA_MP_mean:lag6,finbert_QA_MP_mean,6,False,0.2556,0.055,,57,MRO_diff
Full,finbert_QA_MP_mean:lag7,finbert_QA_MP_mean,7,False,0.2479,0.0629,,57,MRO_diff
Full,finbert_QA_MP_mean:lag8,finbert_QA_MP_mean,8,False,0.3685,0.0048,**,57,MRO_diff
Full,finbert_QA_MP_mean:lag9,finbert_QA_MP_mean,9,False,0.1201,0.3735,,57,MRO_diff
Full,finbert_QA_MP_mean:lag10,finbert_QA_MP_mean,10,False,0.2071,0.1222,,57,MRO_diff
Full,finbert_QA_MP_mean:lag11,finbert_QA_MP_mean,11,False,0.3198,0.0163,*,56,MRO_diff
Full,finbert_QA_MP_mean:lag12,finbert_QA_MP_mean,12,False,0.1887,0.1638,,56,MRO_diff
Full,finbert_QA_MP_mean:lag13,finbert_QA_MP_mean,13,False,0.1243,0.3613,,56,MRO_diff
Full,finbert_QA_MP_mean:lag14,finbert_QA_MP_mean,14,False,0.1283,0.3506,,55,MRO_diff
Full,finbert_QA_MP_mean:lag15,finbert_QA_MP_mean,15,False,0.1265,0.3622,,54,MRO_diff
Full,roberta_QA_EP_mean:lag1,roberta_QA_EP_mean,1,False,0.2547,0.0537,,58,MRO_diff
Full,roberta_QA_EP_mean:lag2,roberta_QA_EP_mean,2,False,0.2199,0.0971,,58,MRO_diff
Full,roberta_QA_EP_mean:lag3,roberta_QA_EP_mean,3,False,0.2502,0.0582,,58,MRO_diff
Full,roberta_QA_EP_mean:lag4,roberta_QA_EP_mean,4,False,0.36,0.0055,**,58,MRO_diff
Full,roberta_QA_EP_mean:lag5,roberta_QA_EP_mean,5,False,0.2822,0.0335,*,57,MRO_diff
Full,roberta_QA_EP_mean:lag6,roberta_QA_EP_mean,6,False,0.3855,0.0031,**,57,MRO_diff
Full,roberta_QA_EP_mean:lag7,roberta_QA_EP_mean,7,False,0.3164,0.0165,*,57,MRO_diff
Full,roberta_QA_EP_mean:lag8,roberta_QA_EP_mean,8,False,0.3608,0.0058,**,57,MRO_diff
Full,roberta_QA_EP_mean:lag9,roberta_QA_EP_mean,9,False,0.2253,0.0921,,57,MRO_diff
Full,roberta_QA_EP_mean:lag10,roberta_QA_EP_mean,10,False,0.3174,0.0161,*,57,MRO_diff
Full,roberta_QA_EP_mean:lag11,roberta_QA_EP_mean,11,False,0.0036,0.9789,,56,MRO_diff
Full,roberta_QA_EP_mean:lag12,roberta_QA_EP_mean,12,False,0.2414,0.0731,,56,MRO_diff
Full,roberta_QA_EP_mean:lag13,roberta_QA_EP_mean,13,False,0.1348,0.3218,,56,MRO_diff
Full,roberta_QA_EP_mean:lag14,roberta_QA_EP_mean,14,False,0.2418,0.0754,,55,MRO_diff
Full,roberta_QA_EP_mean:lag15,roberta_QA_EP_mean,15,False,0.1905,0.1676,,54,MRO_diff
Pre-ZLB,finbert_mean,finbert_mean,0,False,0.5852,0.0003,***,33,MRO_diff
Pre-ZLB,finbert_QA_mean,finbert_QA_mean,0,False,0.3207,0.0689,,33,MRO_diff
Pre-ZLB,finbert_MP_mean,finbert_MP_mean,0,False,0.4705,0.0057,**,33,MRO_diff
Pre-ZLB,finbert_QA_EP_mean,finbert_QA_EP_mean,0,False,0.3243,0.0655,,33,MRO_diff
Pre-ZLB,finbert_QA_MP_mean,finbert_QA_MP_mean,0,False,0.1482,0.4104,,33,MRO_diff
Pre-ZLB,roberta_QA_EP_mean,roberta_QA_EP_mean,0,False,0.0385,0.8316,,33,MRO_diff
Pre-ZLB,finbert_mean:lag1,finbert_mean,1,False,0.8207,0.0,***,33,MRO_diff
Pre-ZLB,finbert_mean:lag2,finbert_mean,2,False,0.651,0.0,***,33,MRO_diff
Pre-ZLB,finbert_mean:lag3,finbert_mean,3,False,0.7257,0.0,***,33,MRO_diff
Pre-ZLB,finbert_mean:lag4,finbert_mean,4,False,0.8108,0.0,***,33,MRO_diff
Pre-ZLB,finbert_mean:lag5,finbert_mean,5,False,0.5513,0.0011,**,32,MRO_diff
Pre-ZLB,finbert_mean:lag6,finbert_mean,6,False,0.5602,0.0009,***,32,MRO_diff
Pre-ZLB,finbert_mean:lag7,finbert_mean,7,False,0.5421,0.0014,**,32,MRO_diff
Pre-ZLB,finbert_mean:lag8,finbert_mean,8,False,0.3162,0.0779,,32,MRO_diff
Pre-ZLB,finbert_mean:lag9,finbert_mean,9,False,0.1961,0.2821,,32,MRO_diff
Pre-ZLB,finbert_mean:lag10,finbert_mean,10,False,0.26,0.1507,,32,MRO_diff
Pre-ZLB,finbert_mean:lag11,finbert_mean,11,False,0.0384,0.8376,,31,MRO_diff
Pre-ZLB,finbert_mean:lag12,finbert_mean,12,False,0.0166,0.9293,,31,MRO_diff
Pre-ZLB,finbert_mean:lag13,finbert_mean,13,False,-0.0226,0.9041,,31,MRO_diff
Pre-ZLB,finbert_mean:lag14,finbert_mean,14,False,-0.1327,0.4847,,30,MRO_diff
Pre-ZLB,finbert_mean:lag15,finbert_mean,15,False,0.0989,0.6099,,29,MRO_diff
Pre-ZLB,finbert_QA_mean:lag1,finbert_QA_mean,1,False,0.5378,0.0012,**,33,MRO_diff
Pre-ZLB,finbert_QA_mean:lag2,finbert_QA_mean,2,False,0.4578,0.0074,**,33,MRO_diff
Pre-ZLB,finbert_QA_mean:lag3,finbert_QA_mean,3,False,0.4475,0.009,**,33,MRO_diff
Pre-ZLB,finbert_QA_mean:lag4,finbert_QA_mean,4,False,0.568,0.0006,***,33,MRO_diff
Pre-ZLB,finbert_QA_mean:lag5,finbert_QA_mean,5,False,0.3177,0.0764,,32,MRO_diff
Pre-ZLB,finbert_QA_mean:lag6,finbert_QA_mean,6,False,0.3858,0.0292,*,32,MRO_diff
Pre-ZLB,finbert_QA_mean:lag7,finbert_QA_mean,7,False,0.2544,0.1601,,32,MRO_diff
Pre-ZLB,finbert_QA_mean:lag8,finbert_QA_mean,8,False,0.32,0.0741,,32,MRO_diff
Pre-ZLB,finbert_QA_mean:lag9,finbert_QA_mean,9,False,0.017,0.9266,,32,MRO_diff
Pre-ZLB,finbert_QA_mean:lag10,finbert_QA_mean,10,False,0.142,0.4383,,32,MRO_diff
Pre-ZLB,finbert_QA_mean:lag11,finbert_QA_mean,11,False,0.2458,0.1826,,31,MRO_diff
Pre-ZLB,finbert_QA_mean:lag12,finbert_QA_mean,12,False,0.1056,0.5717,,31,MRO_diff
Pre-ZLB,finbert_QA_mean:lag13,finbert_QA_mean,13,False,0.0633,0.7353,,31,MRO_diff
Pre-ZLB,finbert_QA_mean:lag14,finbert_QA_mean,14,False,0.0273,0.8861,,30,MRO_diff
Pre-ZLB,finbert_QA_mean:lag15,finbert_QA_mean,15,False,0.0724,0.7088,,29,MRO_diff
Pre-ZLB,finbert_MP_mean:lag1,finbert_MP_mean,1,False,0.6694,0.0,***,33,MRO_diff
Pre-ZLB,finbert_MP_mean:lag2,finbert_MP_mean,2,False,0.5525,0.0009,***,33,MRO_diff
Pre-ZLB,finbert_MP_mean:lag3,finbert_MP_mean,3,False,0.4415,0.0101,*,33,MRO_diff
Pre-ZLB,finbert_MP_mean:lag4,finbert_MP_mean,4,False,0.6797,0.0,***,33,MRO_diff
Pre-ZLB,finbert_MP_mean:lag5,finbert_MP_mean,5,False,0.2497,0.1681,,32,MRO_diff
Pre-ZLB,finbert_MP_mean:lag6,finbert_MP_mean,6,False,0.4323,0.0135,*,32,MRO_diff
Pre-ZLB,finbert_MP_mean:lag7,finbert_MP_mean,7,False,0.4831,0.0051,**,32,MRO_diff
Pre-ZLB,finbert_MP_mean:lag8,finbert_MP_mean,8,False,0.4247,0.0154,*,32,MRO_diff
Pre-ZLB,finbert_MP_mean:lag9,finbert_MP_mean,9,False,0.1172,0.523,,32,MRO_diff
Pre-ZLB,finbert_MP_mean:lag10,finbert_MP_mean,10,False,0.3071,0.0873,,32,MRO_diff
Pre-ZLB,finbert_MP_mean:lag11,finbert_MP_mean,11,False,0.1682,0.3657,,31,MRO_diff
Pre-ZLB,finbert_MP_mean:lag12,finbert_MP_mean,12,False,-0.0091,0.9612,,31,MRO_diff
Pre-ZLB,finbert_MP_mean:lag13,finbert_MP_mean,13,False,-0.0807,0.6659,,31,MRO_diff
Pre-ZLB,finbert_MP_mean:lag14,finbert_MP_mean,14,False,0.0209,0.9129,,30,MRO_diff
Pre-ZLB,finbert_MP_mean:lag15,finbert_MP_mean,15,False,0.0513,0.7914,,29,MRO_diff
Pre-ZLB,finbert_QA_EP_mean:lag1,finbert_QA_EP_mean,1,False,0.6807,0.0,***,33,MRO_diff
Pre-ZLB,finbert_QA_EP_mean:lag2,finbert_QA_EP_mean,2,False,0.5451,0.001,**,33,MRO_diff
Pre-ZLB,finbert_QA_EP_mean:lag3,finbert_QA_EP_mean,3,False,0.4403,0.0103,*,33,MRO_diff
Pre-ZLB,finbert_QA_EP_mean:lag4,finbert_QA_EP_mean,4,False,0.7169,0.0,***,33,MRO_diff
Pre-ZLB,finbert_QA_EP_mean:lag5,finbert_QA_EP_mean,5,False,0.3766,0.0336,*,32,MRO_diff
Pre-ZLB,finbert_QA_EP_mean:lag6,finbert_QA_EP_mean,6,False,0.5721,0.0006,***,32,MRO_diff
Pre-ZLB,finbert_QA_EP_mean:lag7,finbert_QA_EP_mean,7,False,0.3592,0.0435,*,32,MRO_diff
Pre-ZLB,finbert_QA_EP_mean:lag8,finbert_QA_EP_mean,8,False,0.3482,0.0508,,32,MRO_diff
Pre-ZLB,finbert_QA_EP_mean:lag9,finbert_QA_EP_mean,9,False,0.5074,0.003,**,32,MRO_diff
Pre-ZLB,finbert_QA_EP_mean:lag10,finbert_QA_EP_mean,10,False,0.4336,0.0132,*,32,MRO_diff
Pre-ZLB,finbert_QA_EP_mean:lag11,finbert_QA_EP_mean,11,False,0.1063,0.5691,,31,MRO_diff
Pre-ZLB,finbert_QA_EP_mean:lag12,finbert_QA_EP_mean,12,False,0.3848,0.0326,*,31,MRO_diff
Pre-ZLB,finbert_QA_EP_mean:lag13,finbert_QA_EP_mean,13,False,0.1903,0.3053,,31,MRO_diff
Pre-ZLB,finbert_QA_EP_mean:lag14,finbert_QA_EP_mean,14,False,0.1223,0.5197,,30,MRO_diff
Pre-ZLB,finbert_QA_EP_mean:lag15,finbert_QA_EP_mean,15,False,0.1971,0.3055,,29,MRO_diff
Pre-ZLB,finbert_QA_MP_mean:lag1,finbert_QA_MP_mean,1,False,0.2573,0.1483,,33,MRO_diff
Pre-ZLB,finbert_QA_MP_mean:lag2,finbert_QA_MP_mean,2,False,0.2117,0.2369,,33,MRO_diff
Pre-ZLB,finbert_QA_MP_mean:lag3,finbert_QA_MP_mean,3,False,0.1327,0.4617,,33,MRO_diff
Pre-ZLB,finbert_QA_MP_mean:lag4,finbert_QA_MP_mean,4,False,0.4861,0.0041,**,33,MRO_diff
Pre-ZLB,finbert_QA_MP_mean:lag5,finbert_QA_MP_mean,5,False,0.0732,0.6906,,32,MRO_diff
Pre-ZLB,finbert_QA_MP_mean:lag6,finbert_QA_MP_mean,6,False,0.1615,0.3773,,32,MRO_diff
Pre-ZLB,finbert_QA_MP_mean:lag7,finbert_QA_MP_mean,7,False,0.0555,0.763,,32,MRO_diff
Pre-ZLB,finbert_QA_MP_mean:lag8,finbert_QA_MP_mean,8,False,0.3233,0.0711,,32,MRO_diff
Pre-ZLB,finbert_QA_MP_mean:lag9,finbert_QA_MP_mean,9,False,-0.1431,0.4347,,32,MRO_diff
Pre-ZLB,finbert_QA_MP_mean:lag10,finbert_QA_MP_mean,10,False,-0.0643,0.7268,,32,MRO_diff
Pre-ZLB,finbert_QA_MP_mean:lag11,finbert_QA_MP_mean,11,False,0.219,0.2366,,31,MRO_diff
Pre-ZLB,finbert_QA_MP_mean:lag12,finbert_QA_MP_mean,12,False,0.0556,0.7662,,31,MRO_diff
Pre-ZLB,finbert_QA_MP_mean:lag13,finbert_QA_MP_mean,13,False,-0.0298,0.8735,,31,MRO_diff
Pre-ZLB,finbert_QA_MP_mean:lag14,finbert_QA_MP_mean,14,False,-0.0568,0.7657,,30,MRO_diff
Pre-ZLB,finbert_QA_MP_mean:lag15,finbert_QA_MP_mean,15,False,-0.0074,0.9696,,29,MRO_diff
Pre-ZLB,roberta_QA_EP_mean:lag1,roberta_QA_EP_mean,1,False,0.5077,0.0026,**,33,MRO_diff
Pre-ZLB,roberta_QA_EP_mean:lag2,roberta_QA_EP_mean,2,False,0.3658,0.0363,*,33,MRO_diff
Pre-ZLB,roberta_QA_EP_mean:lag3,roberta_QA_EP_mean,3,False,0.4004,0.0209,*,33,MRO_diff
Pre-ZLB,roberta_QA_EP_mean:lag4,roberta_QA_EP_mean,4,False,0.6557,0.0,***,33,MRO_diff
Pre-ZLB,roberta_QA_EP_mean:lag5,roberta_QA_EP_mean,5,False,0.4797,0.0055,**,32,MRO_diff
Pre-ZLB,roberta_QA_EP_mean:lag6,roberta_QA_EP_mean,6,False,0.5681,0.0007,***,32,MRO_diff
Pre-ZLB,roberta_QA_EP_mean:lag7,roberta_QA_EP_mean,7,False,0.5473,0.0012,**,32,MRO_diff
Pre-ZLB,roberta_QA_EP_mean:lag8,roberta_QA_EP_mean,8,False,0.4997,0.0036,**,32,MRO_diff
Pre-ZLB,roberta_QA_EP_mean:lag9,roberta_QA_EP_mean,9,False,0.3372,0.0591,,32,MRO_diff
Pre-ZLB,roberta_QA_EP_mean:lag10,roberta_QA_EP_mean,10,False,0.3883,0.0281,*,32,MRO_diff
Pre-ZLB,roberta_QA_EP_mean:lag11,roberta_QA_EP_mean,11,False,-0.0373,0.8423,,31,MRO_diff
Pre-ZLB,roberta_QA_EP_mean:lag12,roberta_QA_EP_mean,12,False,0.2778,0.1303,,31,MRO_diff
Pre-ZLB,roberta_QA_EP_mean:lag13,roberta_QA_EP_mean,13,False,0.2268,0.2198,,31,MRO_diff
Pre-ZLB,roberta_QA_EP_mean:lag14,roberta_QA_EP_mean,14,False,0.2718,0.1463,,30,MRO_diff
Pre-ZLB,roberta_QA_EP_mean:lag15,roberta_QA_EP_mean,15,False,0.1681,0.3835,,29,MRO_diff
ZLB,finbert_mean,finbert_mean,0,False,0.062,0.5548,,93,shadow_diff
ZLB,finbert_QA_mean,finbert_QA_mean,0,False,0.0845,0.4208,,93,shadow_diff
ZLB,finbert_MP_mean,finbert_MP_mean,0,False,0.0308,0.7692,,93,shadow_diff
ZLB,finbert_QA_EP_mean,finbert_QA_EP_mean,0,False,-0.0182,0.8625,,93,shadow_diff
ZLB,finbert_QA_MP_mean,finbert_QA_MP_mean,0,False,0.0628,0.5497,,93,shadow_diff
ZLB,roberta_QA_EP_mean,roberta_QA_EP_mean,0,False,0.1303,0.2133,,93,shadow_diff
ZLB,finbert_mean:lag1,finbert_mean,1,False,0.0667,0.5253,,93,shadow_diff
ZLB,finbert_mean:lag2,finbert_mean,2,False,0.0102,0.9226,,93,shadow_diff
ZLB,finbert_mean:lag3,finbert_mean,3,False,0.0335,0.7501,,93,shadow_diff
ZLB,finbert_mean:lag4,finbert_mean,4,False,0.132,0.2071,,93,shadow_diff
ZLB,finbert_mean:lag5,finbert_mean,5,False,-0.0516,0.6234,,93,shadow_diff
ZLB,finbert_mean:lag6,finbert_mean,6,False,0.0498,0.6351,,93,shadow_diff
ZLB,finbert_mean:lag7,finbert_mean,7,False,-0.0007,0.9945,,93,shadow_diff
ZLB,finbert_mean:lag8,finbert_mean,8,False,0.0005,0.9959,,93,shadow_diff
ZLB,finbert_mean:lag9,finbert_mean,9,False,-0.0103,0.9222,,93,shadow_diff
ZLB,finbert_mean:lag10,finbert_mean,10,False,0.1347,0.1979,,93,shadow_diff
ZLB,finbert_mean:lag11,finbert_mean,11,False,0.0723,0.4912,,93,shadow_diff
ZLB,finbert_mean:lag12,finbert_mean,12,False,0.0646,0.5381,,93,shadow_diff
ZLB,finbert_mean:lag13,finbert_mean,13,False,-0.0718,0.4942,,93,shadow_diff
ZLB,finbert_mean:lag14,finbert_mean,14,False,-0.1083,0.3016,,93,shadow_diff
ZLB,finbert_mean:lag15,finbert_mean,15,False,-0.0276,0.793,,93,shadow_diff
ZLB,finbert_QA_mean:lag1,finbert_QA_mean,1,False,0.1941,0.0622,,93,shadow_diff
ZLB,finbert_QA_mean:lag2,finbert_QA_mean,2,False,0.07,0.5052,,93,shadow_diff
ZLB,finbert_QA_mean:lag3,finbert_QA_mean,3,False,0.1113,0.2881,,93,shadow_diff
ZLB,finbert_QA_mean:lag4,finbert_QA_mean,4,False,0.2154,0.0382,*,93,shadow_diff
ZLB,finbert_QA_mean:lag5,finbert_QA_mean,5,False,0.0716,0.4951,,93,shadow_diff
ZLB,finbert_QA_mean:lag6,finbert_QA_mean,6,False,0.2078,0.0456,*,93,shadow_diff
ZLB,finbert_QA_mean:lag7,finbert_QA_mean,7,False,0.129,0.218,,93,shadow_diff
ZLB,finbert_QA_mean:lag8,finbert_QA_mean,8,False,0.1061,0.3116,,93,shadow_diff
ZLB,finbert_QA_mean:lag9,finbert_QA_mean,9,False,0.0584,0.5782,,93,shadow_diff
ZLB,finbert_QA_mean:lag10,finbert_QA_mean,10,False,0.1465,0.1611,,93,shadow_diff
ZLB,finbert_QA_mean:lag11,finbert_QA_mean,11,False,0.1148,0.2733,,93,shadow_diff
ZLB,finbert_QA_mean:lag12,finbert_QA_mean,12,False,0.1373,0.1892,,93,shadow_diff
ZLB,finbert_QA_mean:lag13,finbert_QA_mean,13,False,0.0008,0.9937,,93,shadow_diff
ZLB,finbert_QA_mean:lag14,finbert_QA_mean,14,False,-0.098,0.3498,,93,shadow_diff
ZLB,finbert_QA_mean:lag15,finbert_QA_mean,15,False,-0.0293,0.7802,,93,shadow_diff
ZLB,finbert_MP_mean:lag1,finbert_MP_mean,1,False,0.109,0.2984,,93,shadow_diff
ZLB,finbert_MP_mean:lag2,finbert_MP_mean,2,False,0.012,0.9089,,93,shadow_diff
ZLB,finbert_MP_mean:lag3,finbert_MP_mean,3,False,-0.0083,0.9367,,93,shadow_diff
ZLB,finbert_MP_mean:lag4,finbert_MP_mean,4,False,0.173,0.0972,,93,shadow_diff
ZLB,finbert_MP_mean:lag5,finbert_MP_mean,5,False,0.0355,0.7357,,93,shadow_diff
ZLB,finbert_MP_mean:lag6,finbert_MP_mean,6,False,0.0629,0.5493,,93,shadow_diff
ZLB,finbert_MP_mean:lag7,finbert_MP_mean,7,False,0.0552,0.5992,,93,shadow_diff
ZLB,finbert_MP_mean:lag8,finbert_MP_mean,8,False,0.0919,0.3812,,93,shadow_diff
ZLB,finbert_MP_mean:lag9,finbert_MP_mean,9,False,0.0233,0.8244,,93,shadow_diff
ZLB,finbert_MP_mean:lag10,finbert_MP_mean,10,False,0.0468,0.6557,,93,shadow_diff
ZLB,finbert_MP_mean:lag11,finbert_MP_mean,11,False,0.1505,0.1499,,93,shadow_diff
ZLB,finbert_MP_mean:lag12,finbert_MP_mean,12,False,0.1401,0.1804,,93,shadow_diff
ZLB,finbert_MP_mean:lag13,finbert_MP_mean,13,False,-0.0669,0.5241,,93,shadow_diff
ZLB,finbert_MP_mean:lag14,finbert_MP_mean,14,False,-0.0783,0.4558,,93,shadow_diff
ZLB,finbert_MP_mean:lag15,finbert_MP_mean,15,False,-0.0051,0.961,,93,shadow_diff
ZLB,finbert_QA_EP_mean:lag1,finbert_QA_EP_mean,1,False,0.1341,0.2,,93,shadow_diff
ZLB,finbert_QA_EP_mean:lag2,finbert_QA_EP_mean,2,False,-0.059,0.5742,,93,shadow_diff
ZLB,finbert_QA_EP_mean:lag3,finbert_QA_EP_mean,3,False,0.1513,0.1478,,93,shadow_diff
ZLB,finbert_QA_EP_mean:lag4,finbert_QA_EP_mean,4,False,0.111,0.2896,,93,shadow_diff
ZLB,finbert_QA_EP_mean:lag5,finbert_QA_EP_mean,5,False,-0.0,0.9997,,93,shadow_diff
ZLB,finbert_QA_EP_mean:lag6,finbert_QA_EP_mean,6,False,0.1328,0.2045,,93,shadow_diff
ZLB,finbert_QA_EP_mean:lag7,finbert_QA_EP_mean,7,False,0.0578,0.5821,,93,shadow_diff
ZLB,finbert_QA_EP_mean:lag8,finbert_QA_EP_mean,8,False,0.0711,0.4985,,93,shadow_diff
ZLB,finbert_QA_EP_mean:lag9,finbert_QA_EP_mean,9,False,-0.0029,0.9782,,93,shadow_diff
ZLB,finbert_QA_EP_mean:lag10,finbert_QA_EP_mean,10,False,0.015,0.8866,,93,shadow_diff
ZLB,finbert_QA_EP_mean:lag11,finbert_QA_EP_mean,11,False,0.0437,0.6775,,93,shadow_diff
ZLB,finbert_QA_EP_mean:lag12,finbert_QA_EP_mean,12,False,0.0457,0.6636,,93,shadow_diff
ZLB,finbert_QA_EP_mean:lag13,finbert_QA_EP_mean,13,False,-0.1302,0.2135,,93,shadow_diff
ZLB,finbert_QA_EP_mean:lag14,finbert_QA_EP_mean,14,False,0.0279,0.7907,,93,shadow_diff
ZLB,finbert_QA_EP_mean:lag15,finbert_QA_EP_mean,15,False,0.0727,0.4884,,93,shadow_diff
ZLB,finbert_QA_MP_mean:lag1,finbert_QA_MP_mean,1,False,0.1965,0.0591,,93,shadow_diff
ZLB,finbert_QA_MP_mean:lag2,finbert_QA_MP_mean,2,False,0.0696,0.5075,,93,shadow_diff
ZLB,finbert_QA_MP_mean:lag3,finbert_QA_MP_mean,3,False,0.0109,0.9176,,93,shadow_diff
ZLB,finbert_QA_MP_mean:lag4,finbert_QA_MP_mean,4,False,0.2158,0.0378,*,93,shadow_diff
ZLB,finbert_QA_MP_mean:lag5,finbert_QA_MP_mean,5,False,0.0958,0.3612,,93,shadow_diff
ZLB,finbert_QA_MP_mean:lag6,finbert_QA_MP_mean,6,False,0.2132,0.0401,*,93,shadow_diff
ZLB,finbert_QA_MP_mean:lag7,finbert_QA_MP_mean,7,False,0.0382,0.716,,93,shadow_diff
ZLB,finbert_QA_MP_mean:lag8,finbert_QA_MP_mean,8,False,0.1409,0.178,,93,shadow_diff
ZLB,finbert_QA_MP_mean:lag9,finbert_QA_MP_mean,9,False,0.0677,0.5193,,93,shadow_diff
ZLB,finbert_QA_MP_mean:lag10,finbert_QA_MP_mean,10,False,0.0623,0.5531,,93,shadow_diff
ZLB,finbert_QA_MP_mean:lag11,finbert_QA_MP_mean,11,False,0.2084,0.045,*,93,shadow_diff
ZLB,finbert_QA_MP_mean:lag12,finbert_QA_MP_mean,12,False,0.1953,0.0606,,93,shadow_diff
ZLB,finbert_QA_MP_mean:lag13,finbert_QA_MP_mean,13,False,0.0454,0.6654,,93,shadow_diff
ZLB,finbert_QA_MP_mean:lag14,finbert_QA_MP_mean,14,False,-0.1116,0.2867,,93,shadow_diff
ZLB,finbert_QA_MP_mean:lag15,finbert_QA_MP_mean,15,False,-0.0651,0.5355,,93,shadow_diff
ZLB,roberta_QA_EP_mean:lag1,roberta_QA_EP_mean,1,False,0.0206,0.8448,,93,shadow_diff
ZLB,roberta_QA_EP_mean:lag2,roberta_QA_EP_mean,2,False,-0.001,0.9928,,93,shadow_diff
ZLB,roberta_QA_EP_mean:lag3,roberta_QA_EP_mean,3,False,0.1441,0.1681,,93,shadow_diff
ZLB,roberta_QA_EP_mean:lag4,roberta_QA_EP_mean,4,False,0.1685,0.1065,,93,shadow_diff
ZLB,roberta_QA_EP_mean:lag5,roberta_QA_EP_mean,5,False,0.0533,0.6117,,93,shadow_diff
ZLB,roberta_QA_EP_mean:lag6,roberta_QA_EP_mean,6,False,0.0858,0.4136,,93,shadow_diff
ZLB,roberta_QA_EP_mean:lag7,roberta_QA_EP_mean,7,False,0.1344,0.199,,93,shadow_diff
ZLB,roberta_QA_EP_mean:lag8,roberta_QA_EP_mean,8,False,-0.0693,0.5095,,93,shadow_diff
ZLB,roberta_QA_EP_mean:lag9,roberta_QA_EP_mean,9,False,0.0359,0.7325,,93,shadow_diff
ZLB,roberta_QA_EP_mean:lag10,roberta_QA_EP_mean,10,False,0.1183,0.2585,,93,shadow_diff
ZLB,roberta_QA_EP_mean:lag11,roberta_QA_EP_mean,11,False,-0.0764,0.4666,,93,shadow_diff
ZLB,roberta_QA_EP_mean:lag12,roberta_QA_EP_mean,12,False,0.1095,0.2962,,93,shadow_diff
ZLB,roberta_QA_EP_mean:lag13,roberta_QA_EP_mean,13,False,-0.0622,0.5535,,93,shadow_diff
ZLB,roberta_QA_EP_mean:lag14,roberta_QA_EP_mean,14,False,-0.0156,0.8817,,93,shadow_diff
ZLB,roberta_QA_EP_mean:lag15,roberta_QA_EP_mean,15,False,-0.0244,0.8165,,93,shadow_diff
Hiking,finbert_mean,finbert_mean,0,False,-0.2017,0.4221,,18,MRO_diff
Hiking,finbert_QA_mean,finbert_QA_mean,0,False,0.0882,0.7277,,18,MRO_diff
Hiking,finbert_MP_mean,finbert_MP_mean,0,False,0.6745,0.0021,**,18,MRO_diff
Hiking,finbert_QA_EP_mean,finbert_QA_EP_mean,0,False,-0.0086,0.973,,18,MRO_diff
Hiking,finbert_QA_MP_mean,finbert_QA_MP_mean,0,False,0.3659,0.1353,,18,MRO_diff
Hiking,roberta_QA_EP_mean,roberta_QA_EP_mean,0,False,-0.1415,0.5754,,18,MRO_diff
Hiking,finbert_mean:lag1,finbert_mean,1,False,-0.0057,0.9822,,18,MRO_diff
Hiking,finbert_mean:lag2,finbert_mean,2,False,0.2272,0.3645,,18,MRO_diff
Hiking,finbert_mean:lag3,finbert_mean,3,False,0.1826,0.4683,,18,MRO_diff
Hiking,finbert_mean:lag4,finbert_mean,4,False,0.5117,0.03,*,18,MRO_diff
Hiking,finbert_mean:lag5,finbert_mean,5,False,0.6145,0.0067,**,18,MRO_diff
Hiking,finbert_mean:lag6,finbert_mean,6,False,0.7328,0.0005,***,18,MRO_diff
Hiking,finbert_mean:lag7,finbert_mean,7,False,0.7347,0.0005,***,18,MRO_diff
Hiking,finbert_mean:lag8,finbert_mean,8,False,0.7162,0.0008,***,18,MRO_diff
Hiking,finbert_mean:lag9,finbert_mean,9,False,0.8005,0.0001,***,18,MRO_diff
Hiking,finbert_mean:lag10,finbert_mean,10,False,0.8649,0.0,***,18,MRO_diff
Hiking,finbert_mean:lag11,finbert_mean,11,False,0.8428,0.0,***,18,MRO_diff
Hiking,finbert_mean:lag12,finbert_mean,12,False,0.7939,0.0001,***,18,MRO_diff
Hiking,finbert_mean:lag13,finbert_mean,13,False,0.8113,0.0,***,18,MRO_diff
Hiking,finbert_mean:lag14,finbert_mean,14,False,0.761,0.0002,***,18,MRO_diff
Hiking,finbert_mean:lag15,finbert_mean,15,False,0.7878,0.0001,***,18,MRO_diff
Hiking,finbert_QA_mean:lag1,finbert_QA_mean,1,False,0.1519,0.5473,,18,MRO_diff
Hiking,finbert_QA_mean:lag2,finbert_QA_mean,2,False,0.2746,0.2701,,18,MRO_diff
Hiking,finbert_QA_mean:lag3,finbert_QA_mean,3,False,0.3158,0.2017,,18,MRO_diff
Hiking,finbert_QA_mean:lag4,finbert_QA_mean,4,False,0.5127,0.0296,*,18,MRO_diff
Hiking,finbert_QA_mean:lag5,finbert_QA_mean,5,False,0.4644,0.0522,,18,MRO_diff
Hiking,finbert_QA_mean:lag6,finbert_QA_mean,6,False,0.5805,0.0115,*,18,MRO_diff
Hiking,finbert_QA_mean:lag7,finbert_QA_mean,7,False,0.5677,0.014,*,18,MRO_diff
Hiking,finbert_QA_mean:lag8,finbert_QA_mean,8,False,0.5058,0.0322,*,18,MRO_diff
Hiking,finbert_QA_mean:lag9,finbert_QA_mean,9,False,0.578,0.012,*,18,MRO_diff
Hiking,finbert_QA_mean:lag10,finbert_QA_mean,10,False,0.7075,0.001,**,18,MRO_diff
Hiking,finbert_QA_mean:lag11,finbert_QA_mean,11,False,0.4547,0.058,,18,MRO_diff
Hiking,finbert_QA_mean:lag12,finbert_QA_mean,12,False,0.5724,0.0131,*,18,MRO_diff
Hiking,finbert_QA_mean:lag13,finbert_QA_mean,13,False,0.3824,0.1173,,18,MRO_diff
Hiking,finbert_QA_mean:lag14,finbert_QA_mean,14,False,0.3677,0.1333,,18,MRO_diff
Hiking,finbert_QA_mean:lag15,finbert_QA_mean,15,False,0.3857,0.1139,,18,MRO_diff
Hiking,finbert_MP_mean:lag1,finbert_MP_mean,1,False,0.7331,0.0005,***,18,MRO_diff
Hiking,finbert_MP_mean:lag2,finbert_MP_mean,2,False,0.8226,0.0,***,18,MRO_diff
Hiking,finbert_MP_mean:lag3,finbert_MP_mean,3,False,0.7361,0.0005,***,18,MRO_diff
Hiking,finbert_MP_mean:lag4,finbert_MP_mean,4,False,0.8565,0.0,***,18,MRO_diff
Hiking,finbert_MP_mean:lag5,finbert_MP_mean,5,False,0.8073,0.0001,***,18,MRO_diff
Hiking,finbert_MP_mean:lag6,finbert_MP_mean,6,False,0.791,0.0001,***,18,MRO_diff
Hiking,finbert_MP_mean:lag7,finbert_MP_mean,7,False,0.8199,0.0,***,18,MRO_diff
Hiking,finbert_MP_mean:lag8,finbert_MP_mean,8,False,0.7384,0.0005,***,18,MRO_diff
Hiking,finbert_MP_mean:lag9,finbert_MP_mean,9,False,0.7663,0.0002,***,18,MRO_diff
Hiking,finbert_MP_mean:lag10,finbert_MP_mean,10,False,0.7645,0.0002,***,18,MRO_diff
Hiking,finbert_MP_mean:lag11,finbert_MP_mean,11,False,0.7835,0.0001,***,18,MRO_diff
Hiking,finbert_MP_mean:lag12,finbert_MP_mean,12,False,0.6824,0.0018,**,18,MRO_diff
Hiking,finbert_MP_mean:lag13,finbert_MP_mean,13,False,0.7091,0.001,***,18,MRO_diff
Hiking,finbert_MP_mean:lag14,finbert_MP_mean,14,False,0.656,0.0031,**,18,MRO_diff
Hiking,finbert_MP_mean:lag15,finbert_MP_mean,15,False,0.6903,0.0015,**,18,MRO_diff
Hiking,finbert_QA_EP_mean:lag1,finbert_QA_EP_mean,1,False,0.0168,0.9473,,18,MRO_diff
Hiking,finbert_QA_EP_mean:lag2,finbert_QA_EP_mean,2,False,-0.0204,0.9361,,18,MRO_diff
Hiking,finbert_QA_EP_mean:lag3,finbert_QA_EP_mean,3,False,0.1407,0.5777,,18,MRO_diff
Hiking,finbert_QA_EP_mean:lag4,finbert_QA_EP_mean,4,False,0.2272,0.3646,,18,MRO_diff
Hiking,finbert_QA_EP_mean:lag5,finbert_QA_EP_mean,5,False,0.1797,0.4755,,18,MRO_diff
Hiking,finbert_QA_EP_mean:lag6,finbert_QA_EP_mean,6,False,0.4112,0.09,,18,MRO_diff
Hiking,finbert_QA_EP_mean:lag7,finbert_QA_EP_mean,7,False,0.1968,0.4339,,18,MRO_diff
Hiking,finbert_QA_EP_mean:lag8,finbert_QA_EP_mean,8,False,0.3187,0.1974,,18,MRO_diff
Hiking,finbert_QA_EP_mean:lag9,finbert_QA_EP_mean,9,False,0.375,0.1252,,18,MRO_diff
Hiking,finbert_QA_EP_mean:lag10,finbert_QA_EP_mean,10,False,0.5916,0.0097,**,18,MRO_diff
Hiking,finbert_QA_EP_mean:lag11,finbert_QA_EP_mean,11,False,0.3989,0.1011,,18,MRO_diff
Hiking,finbert_QA_EP_mean:lag12,finbert_QA_EP_mean,12,False,0.6148,0.0066,**,18,MRO_diff
Hiking,finbert_QA_EP_mean:lag13,finbert_QA_EP_mean,13,False,0.2957,0.2335,,18,MRO_diff
Hiking,finbert_QA_EP_mean:lag14,finbert_QA_EP_mean,14,False,0.4276,0.0767,,18,MRO_diff
Hiking,finbert_QA_EP_mean:lag15,finbert_QA_EP_mean,15,False,0.378,0.122,,18,MRO_diff
Hiking,finbert_QA_MP_mean:lag1,finbert_QA_MP_mean,1,False,0.2694,0.2797,,18,MRO_diff
Hiking,finbert_QA_MP_mean:lag2,finbert_QA_MP_mean,2,False,0.5334,0.0226,*,18,MRO_diff
Hiking,finbert_QA_MP_mean:lag3,finbert_QA_MP_mean,3,False,0.3844,0.1153,,18,MRO_diff
Hiking,finbert_QA_MP_mean:lag4,finbert_QA_MP_mean,4,False,0.444,0.0649,,18,MRO_diff
Hiking,finbert_QA_MP_mean:lag5,finbert_QA_MP_mean,5,False,0.4435,0.0652,,18,MRO_diff
Hiking,finbert_QA_MP_mean:lag6,finbert_QA_MP_mean,6,False,0.4002,0.0999,,18,MRO_diff
Hiking,finbert_QA_MP_mean:lag7,finbert_QA_MP_mean,7,False,0.5216,0.0264,*,18,MRO_diff
Hiking,finbert_QA_MP_mean:lag8,finbert_QA_MP_mean,8,False,0.4827,0.0425,*,18,MRO_diff
Hiking,finbert_QA_MP_mean:lag9,finbert_QA_MP_mean,9,False,0.5469,0.0188,*,18,MRO_diff
Hiking,finbert_QA_MP_mean:lag10,finbert_QA_MP_mean,10,False,0.6799,0.0019,**,18,MRO_diff
Hiking,finbert_QA_MP_mean:lag11,finbert_QA_MP_mean,11,False,0.5108,0.0303,*,18,MRO_diff
Hiking,finbert_QA_MP_mean:lag12,finbert_QA_MP_mean,12,False,0.4704,0.0488,*,18,MRO_diff
Hiking,finbert_QA_MP_mean:lag13,finbert_QA_MP_mean,13,False,0.3563,0.1468,,18,MRO_diff
Hiking,finbert_QA_MP_mean:lag14,finbert_QA_MP_mean,14,False,0.2883,0.246,,18,MRO_diff
Hiking,finbert_QA_MP_mean:lag15,finbert_QA_MP_mean,15,False,0.1604,0.5249,,18,MRO_diff
Hiking,roberta_QA_EP_mean:lag1,roberta_QA_EP_mean,1,False,-0.2355,0.3468,,18,MRO_diff
Hiking,roberta_QA_EP_mean:lag2,roberta_QA_EP_mean,2,False,-0.2106,0.4016,,18,MRO_diff
Hiking,roberta_QA_EP_mean:lag3,roberta_QA_EP_mean,3,False,0.0053,0.9832,,18,MRO_diff
Hiking,roberta_QA_EP_mean:lag4,roberta_QA_EP_mean,4,False,-0.2408,0.3358,,18,MRO_diff
Hiking,roberta_QA_EP_mean:lag5,roberta_QA_EP_mean,5,False,-0.0683,0.7878,,18,MRO_diff
Hiking,roberta_QA_EP_mean:lag6,roberta_QA_EP_mean,6,False,0.0743,0.7694,,18,MRO_diff
Hiking,roberta_QA_EP_mean:lag7,roberta_QA_EP_mean,7,False,-0.0622,0.8064,,18,MRO_diff
Hiking,roberta_QA_EP_mean:lag8,roberta_QA_EP_mean,8,False,0.2101,0.4026,,18,MRO_diff
Hiking,roberta_QA_EP_mean:lag9,roberta_QA_EP_mean,9,False,0.1792,0.4768,,18,MRO_diff
Hiking,roberta_QA_EP_mean:lag10,roberta_QA_EP_mean,10,False,0.4957,0.0364,*,18,MRO_diff
Hiking,roberta_QA_EP_mean:lag11,roberta_QA_EP_mean,11,False,0.2714,0.276,,18,MRO_diff
Hiking,roberta_QA_EP_mean:lag12,roberta_QA_EP_mean,12,False,0.4427,0.0658,,18,MRO_diff
Hiking,roberta_QA_EP_mean:lag13,roberta_QA_EP_mean,13,False,0.1615,0.522,,18,MRO_diff
Hiking,roberta_QA_EP_mean:lag14,roberta_QA_EP_mean,14,False,0.4081,0.0927,,18,MRO_diff
Hiking,roberta_QA_EP_mean:lag15,roberta_QA_EP_mean,15,False,0.3686,0.1322,,18,MRO_diff
